code_de_la_subdivision_canadienne-canadian_subdivision_code,région_de_tri_d'acheminement-forward_sortation_area,code_de_genre-gender_group_code,compte_unique_du_bénéficiaire-unique_beneficiary_count
NL,A0A,-1,X
NL,A0A,101,4970
NL,A0A,102,5670
NL,A0A,103,X
NL,A0B,101,1900
NL,A0B,102,2200
NL,A0C,101,1310
NL,A0C,102,1360
NL,A0E,101,2140
NL,A0E,102,2440
NL,A0G,101,3450
NL,A0G,102,3780
NL,A0G,103,X
NL,A0H,101,1850
NL,A0H,102,1910
NL,A0J,101,780
NL,A0J,102,880
NL,A0K,101,2640
NL,A0K,102,2860
NL,A0L,101,770
NL,A0L,102,820
NL,A0L,103,X
NL,A0M,101,510
NL,A0M,102,520
NL,A0N,101,1320
NL,A0N,102,1680
NL,A0P,101,1750
NL,A0P,102,1810
NL,A0R,101,240
NL,A0R,102,120
NL,A1A,101,2720
NL,A1A,102,2800
NL,A1A,103,X
NL,A1B,-1,X
NL,A1B,101,2390
NL,A1B,102,2820
NL,A1B,103,X
NL,A1C,101,1700
NL,A1C,102,2150
NL,A1C,103,X
NL,A1E,101,3100
NL,A1E,102,3310
NL,A1E,103,X
NL,A1G,101,640
NL,A1G,102,690
NL,A1G,103,X
NL,A1H,101,520
NL,A1H,102,430
NL,A1H,103,X
NL,A1K,101,1250
NL,A1K,102,1280
NL,A1L,-1,X
NL,A1L,101,2250
NL,A1L,102,2070
NL,A1L,103,X
NL,A1M,101,780
NL,A1M,102,850
NL,A1M,103,X
NL,A1N,101,2350
NL,A1N,102,2450
NL,A1N,103,X
NL,A1S,101,780
NL,A1S,102,780
NL,A1V,101,1190
NL,A1V,102,1090
NL,A1W,101,1090
NL,A1W,102,1150
NL,A1X,-1,X
NL,A1X,101,1630
NL,A1X,102,1620
NL,A1X,103,X
NL,A1Y,101,570
NL,A1Y,102,590
NL,A2A,101,970
NL,A2A,102,920
NL,A2A,103,X
NL,A2B,101,510
NL,A2B,102,580
NL,A2B,103,X
NL,A2H,101,2650
NL,A2H,102,2640
NL,A2H,103,X
NL,A2N,101,910
NL,A2N,102,960
NL,A2N,103,X
NL,A2V,101,610
NL,A2V,102,390
NL,A5A,101,900
NL,A5A,102,900
NL,A8A,101,810
NL,A8A,102,710
NL,A8A,103,X
PE,C0A,101,4930
PE,C0A,102,4890
PE,C0A,103,X
PE,C0B,101,3280
PE,C0B,102,3080
PE,C0B,103,X
PE,C1A,-1,X
PE,C1A,101,3110
PE,C1A,102,3280
PE,C1A,103,X
PE,C1B,101,1340
PE,C1B,102,1330
PE,C1B,103,X
PE,C1C,-1,X
PE,C1C,101,540
PE,C1C,102,570
PE,C1E,101,1190
PE,C1E,102,1200
PE,C1E,103,X
PE,C1N,101,1970
PE,C1N,102,1860
PE,C1N,103,X
PE,C1R,102,X
PE,C3W,102,X
PE,C8G,103,X
PE,C9A,101,X
PE,C9S,102,X
NS,B0A,101,X
NS,B0A,102,X
NS,B0C,101,360
NS,B0C,102,410
NS,B0D,101,X
NS,B0E,101,2450
NS,B0E,102,2970
NS,B0E,103,X
NS,B0G,102,X
NS,B0H,101,1000
NS,B0H,102,1100
NS,B0H,103,X
NS,B0J,101,3970
NS,B0J,102,3720
NS,B0K,101,3700
NS,B0K,102,3970
NS,B0K,103,X
NS,B0L,101,240
NS,B0L,102,230
NS,B0M,-1,X
NS,B0M,101,1670
NS,B0M,102,1650
NS,B0M,103,X
NS,B0N,101,4140
NS,B0N,102,3790
NS,B0N,103,X
NS,B0P,101,3880
NS,B0P,102,3140
NS,B0P,103,X
NS,B0R,101,560
NS,B0R,102,590
NS,B0S,101,1760
NS,B0S,102,1820
NS,B0T,101,1480
NS,B0T,102,1690
NS,B0T,103,X
NS,B0V,101,760
NS,B0V,102,840
NS,B0W,101,2920
NS,B0W,102,3730
NS,B0W,103,X
NS,B1A,101,1830
NS,B1A,102,1970
NS,B1A,103,X
NS,B1B,101,130
NS,B1B,102,160
NS,B1C,101,220
NS,B1C,102,250
NS,B1E,101,210
NS,B1E,102,200
NS,B1G,101,240
NS,B1G,102,240
NS,B1H,101,1170
NS,B1H,102,1320
NS,B1H,103,X
NS,B1J,101,100
NS,B1J,102,100
NS,B1K,101,370
NS,B1K,102,380
NS,B1L,101,540
NS,B1L,102,480
NS,B1M,101,140
NS,B1M,102,150
NS,B1N,101,830
NS,B1N,102,860
NS,B1P,101,1980
NS,B1P,102,2390
NS,B1P,103,X
NS,B1R,101,450
NS,B1R,102,430
NS,B1R,103,X
NS,B1S,101,890
NS,B1S,102,940
NS,B1T,101,30
NS,B1T,102,40
NS,B1V,101,800
NS,B1V,102,850
NS,B1W,101,520
NS,B1W,102,670
NS,B1W,103,X
NS,B1X,101,100
NS,B1X,102,100
NS,B1Y,101,670
NS,B1Y,102,760
NS,B2A,101,870
NS,B2A,102,910
NS,B2A,103,X
NS,B2B,102,X
NS,B2C,101,30
NS,B2C,102,30
NS,B2E,101,X
NS,B2E,102,X
NS,B2G,101,1530
NS,B2G,102,1500
NS,B2H,101,1520
NS,B2H,102,1490
NS,B2J,101,X
NS,B2J,102,X
NS,B2K,101,X
NS,B2K,102,X
NS,B2N,101,2360
NS,B2N,102,2140
NS,B2N,103,X
NS,B2R,101,240
NS,B2R,102,250
NS,B2R,103,X
NS,B2S,101,880
NS,B2S,102,780
NS,B2S,103,X
NS,B2T,101,1720
NS,B2T,102,1530
NS,B2V,101,1040
NS,B2V,102,1110
NS,B2W,101,3250
NS,B2W,102,3090
NS,B2W,103,X
NS,B2X,101,1390
NS,B2X,102,1400
NS,B2X,103,X
NS,B2Y,101,1780
NS,B2Y,102,1800
NS,B2Y,103,X
NS,B2Z,101,1030
NS,B2Z,102,1080
NS,B3A,101,2790
NS,B3A,102,3090
NS,B3A,103,X
NS,B3B,101,200
NS,B3B,102,200
NS,B3B,103,X
NS,B3E,101,720
NS,B3E,102,750
NS,B3E,103,X
NS,B3G,-1,X
NS,B3G,101,1120
NS,B3G,102,1070
NS,B3G,103,X
NS,B3H,-1,X
NS,B3H,101,1910
NS,B3H,102,1970
NS,B3H,103,X
NS,B3J,-1,X
NS,B3J,101,840
NS,B3J,102,1120
NS,B3J,103,X
NS,B3K,-1,X
NS,B3K,101,2850
NS,B3K,102,3140
NS,B3K,103,X
NS,B3L,-1,X
NS,B3L,101,1980
NS,B3L,102,2140
NS,B3L,103,X
NS,B3M,-1,X
NS,B3M,101,3960
NS,B3M,102,4020
NS,B3M,103,X
NS,B3N,101,1660
NS,B3N,102,1620
NS,B3N,103,X
NS,B3P,101,1100
NS,B3P,102,1130
NS,B3P,103,X
NS,B3R,101,1220
NS,B3R,102,1300
NS,B3S,-1,X
NS,B3S,101,1370
NS,B3S,102,1350
NS,B3T,101,1710
NS,B3T,102,1710
NS,B3T,103,X
NS,B3V,101,640
NS,B3V,102,660
NS,B3V,103,X
NS,B3W,102,X
NS,B3X,101,X
NS,B3Z,101,1540
NS,B3Z,102,1490
NS,B4A,101,1800
NS,B4A,102,1700
NS,B4A,103,X
NS,B4B,-1,X
NS,B4B,101,1570
NS,B4B,102,1380
NS,B4C,101,1980
NS,B4C,102,1840
NS,B4C,103,X
NS,B4E,101,2040
NS,B4E,102,1850
NS,B4E,103,X
NS,B4G,101,460
NS,B4G,102,500
NS,B4H,101,1340
NS,B4H,102,1310
NS,B4M,102,X
NS,B4N,101,1890
NS,B4N,102,1640
NS,B4N,103,X
NS,B4P,101,810
NS,B4P,102,730
NS,B4P,103,X
NS,B4R,101,260
NS,B4R,102,210
NS,B4R,103,X
NS,B4V,101,2040
NS,B4V,102,1920
NS,B4V,103,X
NS,B4W,102,X
NS,B5A,101,1720
NS,B5A,102,1950
NS,B5A,103,X
NS,B5N,101,X
NS,B6L,101,1390
NS,B6L,102,1200
NS,B6L,103,X
NS,B8V,101,X
NS,B9A,101,550
NS,B9A,102,500
NB,E0A,102,X
NB,E0B,102,X
NB,E1A,101,4770
NB,E1A,102,4740
NB,E1A,103,X
NB,E1B,101,2010
NB,E1B,102,1930
NB,E1B,103,X
NB,E1C,101,3070
NB,E1C,102,3480
NB,E1C,103,X
NB,E1E,101,1240
NB,E1E,102,1210
NB,E1E,103,X
NB,E1G,101,2500
NB,E1G,102,2270
NB,E1G,103,X
NB,E1H,101,770
NB,E1H,102,770
NB,E1H,103,X
NB,E1J,101,330
NB,E1J,102,360
NB,E1N,101,1070
NB,E1N,102,1100
NB,E1N,103,X
NB,E1V,101,1450
NB,E1V,102,1490
NB,E1V,103,X
NB,E1W,101,810
NB,E1W,102,770
NB,E1X,101,1570
NB,E1X,102,1550
NB,E2A,101,1620
NB,E2A,102,1910
NB,E2A,103,X
NB,E2B,101,X
NB,E2B,102,X
NB,E2E,101,1700
NB,E2E,102,1440
NB,E2G,101,440
NB,E2G,102,420
NB,E2H,101,470
NB,E2H,102,490
NB,E2J,101,1820
NB,E2J,102,1770
NB,E2J,103,X
NB,E2K,101,1950
NB,E2K,102,2000
NB,E2L,101,1100
NB,E2L,102,1340
NB,E2L,103,X
NB,E2M,101,1890
NB,E2M,102,1830
NB,E2M,103,X
NB,E2N,101,450
NB,E2N,102,470
NB,E2P,101,150
NB,E2P,102,140
NB,E2R,101,X
NB,E2R,102,X
NB,E2S,101,680
NB,E2S,102,730
NB,E2S,103,X
NB,E2V,101,1370
NB,E2V,102,780
NB,E2X,101,X
NB,E3A,101,3100
NB,E3A,102,2760
NB,E3A,103,X
NB,E3B,-1,X
NB,E3B,101,3940
NB,E3B,102,3780
NB,E3B,103,X
NB,E3C,101,980
NB,E3C,102,880
NB,E3E,101,440
NB,E3E,102,420
NB,E3G,101,850
NB,E3G,102,770
NB,E3H,101,X
NB,E3K,102,X
NB,E3L,101,960
NB,E3L,102,810
NB,E3M,101,X
NB,E3N,-1,X
NB,E3N,101,1360
NB,E3N,102,1380
NB,E3V,101,1180
NB,E3V,102,1210
NB,E3Y,101,760
NB,E3Y,102,690
NB,E3Z,101,410
NB,E3Z,102,380
NB,E4A,101,230
NB,E4A,102,290
NB,E4B,101,400
NB,E4B,102,450
NB,E4C,101,130
NB,E4C,102,190
NB,E4E,101,960
NB,E4E,102,870
NB,E4G,101,230
NB,E4G,102,270
NB,E4H,101,390
NB,E4H,102,440
NB,E4H,103,X
NB,E4J,101,520
NB,E4J,102,510
NB,E4K,101,530
NB,E4K,102,550
NB,E4K,103,X
NB,E4L,-1,X
NB,E4L,101,760
NB,E4L,102,720
NB,E4L,103,X
NB,E4M,101,190
NB,E4M,102,210
NB,E4N,101,480
NB,E4N,102,400
NB,E4P,101,1550
NB,E4P,102,1490
NB,E4R,101,630
NB,E4R,102,630
NB,E4S,101,790
NB,E4S,102,750
NB,E4T,101,240
NB,E4T,102,250
NB,E4V,101,450
NB,E4V,102,400
NB,E4V,103,X
NB,E4W,101,1160
NB,E4W,102,1080
NB,E4X,101,290
NB,E4X,102,240
NB,E4Y,101,260
NB,E4Y,102,290
NB,E4Z,101,520
NB,E4Z,102,550
NB,E4Z,103,X
NB,E5A,101,210
NB,E5A,102,210
NB,E5B,101,330
NB,E5B,102,280
NB,E5B,103,X
NB,E5C,101,440
NB,E5C,102,360
NB,E5E,-1,X
NB,E5E,101,90
NB,E5E,102,80
NB,E5G,101,270
NB,E5G,102,330
NB,E5H,101,310
NB,E5H,102,290
NB,E5J,101,170
NB,E5J,102,190
NB,E5K,101,600
NB,E5K,102,630
NB,E5L,101,260
NB,E5L,102,280
NB,E5M,101,160
NB,E5M,102,150
NB,E5N,101,1140
NB,E5N,102,1100
NB,E5P,101,260
NB,E5P,102,220
NB,E5R,101,160
NB,E5R,102,170
NB,E5S,101,160
NB,E5S,102,170
NB,E5T,101,270
NB,E5T,102,280
NB,E5V,101,70
NB,E5V,102,60
NB,E5X,102,X
NB,E6A,101,100
NB,E6A,102,130
NB,E6B,101,140
NB,E6B,102,160
NB,E6C,101,200
NB,E6C,102,270
NB,E6E,101,160
NB,E6E,102,170
NB,E6G,101,250
NB,E6G,102,270
NB,E6H,101,120
NB,E6H,102,130
NB,E6J,101,120
NB,E6J,102,130
NB,E6K,101,310
NB,E6K,102,340
NB,E6L,101,430
NB,E6L,102,470
NB,E7A,101,340
NB,E7A,102,310
NB,E7B,101,620
NB,E7B,102,560
NB,E7C,101,500
NB,E7C,102,490
NB,E7E,101,400
NB,E7E,102,410
NB,E7G,101,350
NB,E7G,102,430
NB,E7H,-1,X
NB,E7H,101,650
NB,E7H,102,690
NB,E7J,101,180
NB,E7J,102,200
NB,E7K,101,200
NB,E7K,102,190
NB,E7L,101,480
NB,E7L,102,480
NB,E7M,101,1040
NB,E7M,102,960
NB,E7N,-1,X
NB,E7N,101,260
NB,E7N,102,300
NB,E7P,101,310
NB,E7P,102,290
NB,E8A,101,410
NB,E8A,102,490
NB,E8B,101,320
NB,E8B,102,320
NB,E8C,101,390
NB,E8C,102,370
NB,E8C,103,X
NB,E8E,101,500
NB,E8E,102,520
NB,E8G,101,270
NB,E8G,102,330
NB,E8J,101,550
NB,E8J,102,610
NB,E8K,101,830
NB,E8K,102,870
NB,E8K,103,X
NB,E8L,101,220
NB,E8L,102,260
NB,E8M,101,260
NB,E8M,102,250
NB,E8N,101,230
NB,E8N,102,290
NB,E8P,101,390
NB,E8P,102,420
NB,E8P,103,X
NB,E8R,101,410
NB,E8R,102,410
NB,E8S,101,570
NB,E8S,102,590
NB,E8T,101,740
NB,E8T,102,790
NB,E9A,101,190
NB,E9A,102,200
NB,E9B,101,270
NB,E9B,102,360
NB,E9C,101,220
NB,E9C,102,240
NB,E9E,101,430
NB,E9E,102,490
NB,E9E,103,X
NB,E9G,101,700
NB,E9G,102,800
NB,E9G,103,X
NB,E9H,101,310
NB,E9H,102,340
NB,E9K,101,X
NB,E9M,102,X
QC,G0A,101,7790
QC,G0A,102,9710
QC,G0A,103,X
QC,G0C,101,4760
QC,G0C,102,5660
QC,G0C,103,X
QC,G0E,101,420
QC,G0E,102,450
QC,G0E,103,X
QC,G0F,102,X
QC,G0G,101,2250
QC,G0G,102,2310
QC,G0G,103,X
QC,G0H,101,1120
QC,G0H,102,1430
QC,G0H,103,X
QC,G0I,102,X
QC,G0J,-1,X
QC,G0J,101,2470
QC,G0J,102,2940
QC,G0K,101,1000
QC,G0K,102,1370
QC,G0L,101,5320
QC,G0L,102,6240
QC,G0L,103,X
QC,G0M,101,3720
QC,G0M,102,5110
QC,G0M,103,X
QC,G0N,101,1810
QC,G0N,102,2450
QC,G0P,101,720
QC,G0P,102,820
QC,G0R,101,7280
QC,G0R,102,10120
QC,G0R,103,X
QC,G0S,101,7060
QC,G0S,102,9080
QC,G0S,103,X
QC,G0T,101,1300
QC,G0T,102,1390
QC,G0T,103,X
QC,G0V,101,1770
QC,G0V,102,2000
QC,G0W,101,3600
QC,G0W,102,4600
QC,G0X,101,5380
QC,G0X,102,6900
QC,G0X,103,X
QC,G0Y,101,920
QC,G0Y,102,1260
QC,G0Z,101,880
QC,G0Z,102,1270
QC,G1A,101,60
QC,G1A,102,180
QC,G1B,101,2380
QC,G1B,102,3810
QC,G1C,101,3300
QC,G1C,102,3860
QC,G1C,103,X
QC,G1E,101,2790
QC,G1E,102,3430
QC,G1E,103,X
QC,G1G,101,2210
QC,G1G,102,2590
QC,G1G,103,X
QC,G1H,101,2790
QC,G1H,102,3560
QC,G1J,101,2580
QC,G1J,102,3330
QC,G1J,103,X
QC,G1K,101,2090
QC,G1K,102,2880
QC,G1K,103,X
QC,G1L,101,2560
QC,G1L,102,3220
QC,G1L,103,X
QC,G1M,101,2090
QC,G1M,102,2570
QC,G1M,103,X
QC,G1N,101,1020
QC,G1N,102,1330
QC,G1N,103,X
QC,G1O,101,X
QC,G1P,101,1630
QC,G1P,102,2010
QC,G1P,103,X
QC,G1Q,102,X
QC,G1R,101,1610
QC,G1R,102,2010
QC,G1R,103,X
QC,G1S,101,1850
QC,G1S,102,2010
QC,G1S,103,X
QC,G1T,101,480
QC,G1T,102,520
QC,G1V,101,1920
QC,G1V,102,2600
QC,G1V,103,X
QC,G1W,101,1810
QC,G1W,102,1960
QC,G1X,101,2190
QC,G1X,102,2550
QC,G1X,103,X
QC,G1Y,101,880
QC,G1Y,102,980
QC,G2A,101,1390
QC,G2A,102,1640
QC,G2B,101,2300
QC,G2B,102,2480
QC,G2C,101,1090
QC,G2C,102,1090
QC,G2C,103,X
QC,G2E,101,1750
QC,G2E,102,2150
QC,G2G,101,1050
QC,G2G,102,1240
QC,G2G,103,X
QC,G2J,101,300
QC,G2J,102,320
QC,G2K,101,1070
QC,G2K,102,1100
QC,G2L,101,1300
QC,G2L,102,1400
QC,G2M,101,490
QC,G2M,102,580
QC,G2N,101,790
QC,G2N,102,990
QC,G2S,102,X
QC,G2T,102,X
QC,G2Z,101,X
QC,G3A,101,1580
QC,G3A,102,1850
QC,G3A,103,X
QC,G3B,101,850
QC,G3B,102,950
QC,G3C,101,1020
QC,G3C,102,1350
QC,G3E,101,1530
QC,G3E,102,1700
QC,G3G,101,1000
QC,G3G,102,1290
QC,G3H,101,980
QC,G3H,102,1100
QC,G3H,103,X
QC,G3J,101,1000
QC,G3J,102,1170
QC,G3K,101,1960
QC,G3K,102,1980
QC,G3L,101,1150
QC,G3L,102,1330
QC,G3M,101,660
QC,G3M,102,750
QC,G3N,101,980
QC,G3N,102,1090
QC,G3R,102,X
QC,G3S,101,570
QC,G3S,102,460
QC,G3S,103,X
QC,G3Z,101,750
QC,G3Z,102,860
QC,G4A,101,310
QC,G4A,102,320
QC,G4L,102,X
QC,G4R,101,2230
QC,G4R,102,2230
QC,G4S,101,510
QC,G4S,102,510
QC,G4T,101,1420
QC,G4T,102,1520
QC,G4T,103,X
QC,G4V,101,570
QC,G4V,102,700
QC,G4V,103,X
QC,G4W,101,1180
QC,G4W,102,1240
QC,G4X,101,1290
QC,G4X,102,1450
QC,G4X,103,X
QC,G4Z,101,760
QC,G4Z,102,870
QC,G5A,101,940
QC,G5A,102,1010
QC,G5B,101,460
QC,G5B,102,520
QC,G5C,101,980
QC,G5C,102,1080
QC,G5C,103,X
QC,G5H,101,610
QC,G5H,102,690
QC,G5J,101,510
QC,G5J,102,560
QC,G5K,102,X
QC,G5L,101,2600
QC,G5L,102,2810
QC,G5M,101,710
QC,G5M,102,700
QC,G5N,101,720
QC,G5N,102,810
QC,G5R,101,1910
QC,G5R,102,2190
QC,G5T,101,260
QC,G5T,102,280
QC,G5V,101,1090
QC,G5V,102,1510
QC,G5X,101,670
QC,G5X,102,900
QC,G5Y,101,2570
QC,G5Y,102,3490
QC,G5Y,103,X
QC,G5Z,101,790
QC,G5Z,102,980
QC,G6A,101,280
QC,G6A,102,340
QC,G6B,101,800
QC,G6B,102,1000
QC,G6C,101,830
QC,G6C,102,1040
QC,G6C,103,X
QC,G6E,101,1360
QC,G6E,102,1620
QC,G6G,101,1820
QC,G6G,102,2350
QC,G6H,101,730
QC,G6H,102,930
QC,G6J,101,1040
QC,G6J,102,1330
QC,G6J,103,X
QC,G6K,101,740
QC,G6K,102,840
QC,G6L,101,1630
QC,G6L,102,1970
QC,G6P,101,2990
QC,G6P,102,3480
QC,G6R,101,550
QC,G6R,102,610
QC,G6S,101,590
QC,G6S,102,570
QC,G6T,101,1310
QC,G6T,102,1320
QC,G6V,101,2770
QC,G6V,102,3550
QC,G6V,103,X
QC,G6W,101,2300
QC,G6W,102,2690
QC,G6W,103,X
QC,G6X,101,950
QC,G6X,102,1140
QC,G6Y,101,620
QC,G6Y,102,680
QC,G6Z,101,2260
QC,G6Z,102,2700
QC,G7A,101,2110
QC,G7A,102,2500
QC,G7A,103,X
QC,G7B,101,1590
QC,G7B,102,1700
QC,G7C,102,X
QC,G7G,101,1600
QC,G7G,102,1850
QC,G7H,101,2320
QC,G7H,102,2790
QC,G7J,101,1480
QC,G7J,102,1730
QC,G7K,101,80
QC,G7K,102,100
QC,G7M,102,X
QC,G7N,101,600
QC,G7N,102,640
QC,G7N,103,X
QC,G7P,101,740
QC,G7P,102,790
QC,G7P,103,X
QC,G7S,101,1700
QC,G7S,102,1780
QC,G7T,101,170
QC,G7T,102,130
QC,G7V,101,X
QC,G7X,101,2510
QC,G7X,102,2950
QC,G7X,103,X
QC,G7Y,101,80
QC,G7Y,102,80
QC,G7Z,101,250
QC,G7Z,102,260
QC,G8A,101,540
QC,G8A,102,650
QC,G8B,101,2130
QC,G8B,102,2520
QC,G8C,101,410
QC,G8C,102,350
QC,G8D,102,X
QC,G8E,101,380
QC,G8E,102,430
QC,G8G,101,360
QC,G8G,102,420
QC,G8H,101,920
QC,G8H,102,1050
QC,G8J,101,400
QC,G8J,102,460
QC,G8K,101,1010
QC,G8K,102,1000
QC,G8K,103,X
QC,G8L,101,1340
QC,G8L,102,1620
QC,G8L,103,X
QC,G8M,101,480
QC,G8M,102,550
QC,G8N,101,230
QC,G8N,102,260
QC,G8N,103,X
QC,G8P,101,710
QC,G8P,102,1040
QC,G8T,101,2810
QC,G8T,102,3350
QC,G8T,103,X
QC,G8V,101,940
QC,G8V,102,1140
QC,G8W,101,980
QC,G8W,102,1090
QC,G8W,103,X
QC,G8Y,101,2870
QC,G8Y,102,3170
QC,G8Y,103,X
QC,G8Z,101,1410
QC,G8Z,102,1800
QC,G8Z,103,X
QC,G9A,101,2320
QC,G9A,102,2850
QC,G9A,103,X
QC,G9B,101,1860
QC,G9B,102,1910
QC,G9C,101,340
QC,G9C,102,380
QC,G9H,101,1230
QC,G9H,102,1460
QC,G9M,101,X
QC,G9N,101,1540
QC,G9N,102,2050
QC,G9N,103,X
QC,G9P,101,990
QC,G9P,102,1110
QC,G9R,101,220
QC,G9R,102,270
QC,G9T,101,1530
QC,G9T,102,1870
QC,G9X,101,950
QC,G9X,102,1170
QC,G9Y,101,X
QC,G9Z,101,X
QC,G9Z,102,X
QC,H0M,101,480
QC,H0M,102,420
QC,H0V,101,X
QC,H1A,101,3240
QC,H1A,102,3880
QC,H1A,103,X
QC,H1B,101,2210
QC,H1B,102,2900
QC,H1B,103,X
QC,H1C,101,1700
QC,H1C,102,2050
QC,H1C,103,X
QC,H1E,-1,X
QC,H1E,101,5240
QC,H1E,102,6180
QC,H1E,103,X
QC,H1F,101,X
QC,H1G,-1,X
QC,H1G,101,6600
QC,H1G,102,7990
QC,H1G,103,X
QC,H1H,-1,X
QC,H1H,101,4580
QC,H1H,102,6190
QC,H1H,103,X
QC,H1J,101,1130
QC,H1J,102,1360
QC,H1K,101,3950
QC,H1K,102,4590
QC,H1L,101,3700
QC,H1L,102,4720
QC,H1L,103,X
QC,H1M,101,2790
QC,H1M,102,3260
QC,H1M,103,X
QC,H1N,101,2520
QC,H1N,102,3080
QC,H1N,103,X
QC,H1P,101,2090
QC,H1P,102,2520
QC,H1Q,101,X
QC,H1R,-1,X
QC,H1R,101,3760
QC,H1R,102,4600
QC,H1R,103,X
QC,H1S,101,2810
QC,H1S,102,3540
QC,H1S,103,X
QC,H1T,-1,X
QC,H1T,101,3190
QC,H1T,102,3940
QC,H1V,101,2610
QC,H1V,102,3530
QC,H1V,103,X
QC,H1W,101,3940
QC,H1W,102,5370
QC,H1W,103,X
QC,H1X,101,3280
QC,H1X,102,4260
QC,H1X,103,X
QC,H1Y,101,3260
QC,H1Y,102,3510
QC,H1Y,103,X
QC,H1Z,101,5030
QC,H1Z,102,6380
QC,H1Z,103,X
QC,H2A,-1,X
QC,H2A,101,2330
QC,H2A,102,3270
QC,H2A,103,X
QC,H2B,101,1990
QC,H2B,102,2380
QC,H2B,103,X
QC,H2C,101,1790
QC,H2C,102,2060
QC,H2E,-1,X
QC,H2E,101,3000
QC,H2E,102,3790
QC,H2E,103,X
QC,H2G,101,2710
QC,H2G,102,3280
QC,H2G,103,X
QC,H2H,101,2050
QC,H2H,102,2350
QC,H2H,103,X
QC,H2J,101,3280
QC,H2J,102,3660
QC,H2J,103,X
QC,H2K,-1,X
QC,H2K,101,3700
QC,H2K,102,5770
QC,H2K,103,X
QC,H2L,101,2830
QC,H2L,102,4190
QC,H2L,103,X
QC,H2M,101,1840
QC,H2M,102,2310
QC,H2M,103,X
QC,H2N,101,860
QC,H2N,102,1230
QC,H2P,101,1780
QC,H2P,102,1960
QC,H2P,103,X
QC,H2R,101,2850
QC,H2R,102,3130
QC,H2R,103,X
QC,H2S,101,3750
QC,H2S,102,4050
QC,H2S,103,X
QC,H2T,101,2150
QC,H2T,102,2370
QC,H2T,103,X
QC,H2V,101,3600
QC,H2V,102,3760
QC,H2V,103,X
QC,H2W,101,1420
QC,H2W,102,1690
QC,H2W,103,X
QC,H2X,-1,X
QC,H2X,101,2090
QC,H2X,102,3140
QC,H2X,103,X
QC,H2Y,101,360
QC,H2Y,102,480
QC,H2Y,103,X
QC,H2Z,101,340
QC,H2Z,102,470
QC,H2Z,103,X
QC,H3A,101,320
QC,H3A,102,350
QC,H3A,103,X
QC,H3B,101,240
QC,H3B,102,400
QC,H3C,101,1950
QC,H3C,102,2810
QC,H3C,103,X
QC,H3E,-1,X
QC,H3E,101,2080
QC,H3E,102,1980
QC,H3E,103,X
QC,H3F,101,X
QC,H3F,102,X
QC,H3G,101,970
QC,H3G,102,1180
QC,H3H,101,2550
QC,H3H,102,3950
QC,H3H,103,X
QC,H3J,101,1270
QC,H3J,102,1410
QC,H3K,101,1760
QC,H3K,102,2180
QC,H3K,103,X
QC,H3L,101,2030
QC,H3L,102,2590
QC,H3L,103,X
QC,H3M,-1,X
QC,H3M,101,1710
QC,H3M,102,2340
QC,H3N,-1,X
QC,H3N,101,3800
QC,H3N,102,5740
QC,H3N,103,X
QC,H3P,101,880
QC,H3P,102,930
QC,H3R,101,810
QC,H3R,102,900
QC,H3S,-1,X
QC,H3S,101,4400
QC,H3S,102,5480
QC,H3T,101,1310
QC,H3T,102,1800
QC,H3V,101,760
QC,H3V,102,950
QC,H3W,-1,X
QC,H3W,101,4620
QC,H3W,102,4710
QC,H3W,103,X
QC,H3X,-1,X
QC,H3X,101,2850
QC,H3X,102,2910
QC,H3X,103,X
QC,H3Y,101,670
QC,H3Y,102,580
QC,H3Z,-1,X
QC,H3Z,101,1050
QC,H3Z,102,990
QC,H3Z,103,X
QC,H4A,101,2970
QC,H4A,102,3230
QC,H4A,103,X
QC,H4B,101,2360
QC,H4B,102,2900
QC,H4B,103,X
QC,H4C,101,2220
QC,H4C,102,2530
QC,H4C,103,X
QC,H4E,101,3610
QC,H4E,102,4280
QC,H4E,103,X
QC,H4G,101,3600
QC,H4G,102,4300
QC,H4G,103,X
QC,H4H,101,2030
QC,H4H,102,2290
QC,H4H,103,X
QC,H4J,-1,X
QC,H4J,101,2000
QC,H4J,102,2670
QC,H4J,103,X
QC,H4K,101,1140
QC,H4K,102,1420
QC,H4L,101,4050
QC,H4L,102,5280
QC,H4L,103,X
QC,H4M,101,1560
QC,H4M,102,1800
QC,H4N,-1,X
QC,H4N,101,3500
QC,H4N,102,4560
QC,H4P,101,1130
QC,H4P,102,1240
QC,H4R,101,3210
QC,H4R,102,3540
QC,H4S,101,50
QC,H4S,102,80
QC,H4T,101,X
QC,H4T,102,20
QC,H4V,101,2520
QC,H4V,102,3090
QC,H4W,-1,X
QC,H4W,101,3040
QC,H4W,102,3320
QC,H4X,101,700
QC,H4X,102,750
QC,H4X,103,X
QC,H4Y,101,X
QC,H4Y,102,X
QC,H4Z,101,X
QC,H4Z,102,X
QC,H5A,101,X
QC,H5B,101,X
QC,H5B,102,X
QC,H5C,101,X
QC,H5G,102,X
QC,H5J,102,X
QC,H6B,102,X
QC,H6P,101,X
QC,H7A,101,2480
QC,H7A,102,3000
QC,H7A,103,X
QC,H7B,101,310
QC,H7B,102,380
QC,H7B,103,X
QC,H7C,101,940
QC,H7C,102,1160
QC,H7C,103,X
QC,H7E,101,2900
QC,H7E,102,3340
QC,H7F,101,X
QC,H7G,101,2450
QC,H7G,102,3000
QC,H7G,103,X
QC,H7H,101,1520
QC,H7H,102,1770
QC,H7J,101,240
QC,H7J,102,320
QC,H7K,101,2460
QC,H7K,102,2800
QC,H7K,103,X
QC,H7L,101,3980
QC,H7L,102,4380
QC,H7L,103,X
QC,H7M,101,2960
QC,H7M,102,3620
QC,H7M,103,X
QC,H7N,101,5240
QC,H7N,102,6270
QC,H7N,103,X
QC,H7P,101,4250
QC,H7P,102,4980
QC,H7P,103,X
QC,H7R,101,3460
QC,H7R,102,4170
QC,H7S,101,900
QC,H7S,102,1140
QC,H7T,101,3250
QC,H7T,102,3920
QC,H7T,103,X
QC,H7V,101,2620
QC,H7V,102,3400
QC,H7W,-1,X
QC,H7W,101,5490
QC,H7W,102,6830
QC,H7W,103,X
QC,H7X,-1,X
QC,H7X,101,3360
QC,H7X,102,3810
QC,H7Y,101,1010
QC,H7Y,102,1110
QC,H7Z,101,X
QC,H8B,101,X
QC,H8H,102,X
QC,H8M,102,X
QC,H8N,-1,X
QC,H8N,101,4000
QC,H8N,102,4650
QC,H8P,101,2430
QC,H8P,102,2750
QC,H8P,103,X
QC,H8R,101,3890
QC,H8R,102,4970
QC,H8R,103,X
QC,H8S,-1,X
QC,H8S,101,3110
QC,H8S,102,3740
QC,H8S,103,X
QC,H8T,101,1500
QC,H8T,102,1740
QC,H8X,102,X
QC,H8Y,101,2310
QC,H8Y,102,2780
QC,H8Y,103,40
QC,H8Z,101,1730
QC,H8Z,102,2150
QC,H9A,-1,X
QC,H9A,101,1810
QC,H9A,102,2130
QC,H9B,101,2610
QC,H9B,102,3010
QC,H9B,103,X
QC,H9C,101,1260
QC,H9C,102,1370
QC,H9E,101,310
QC,H9E,102,410
QC,H9F,102,X
QC,H9G,101,1790
QC,H9G,102,1980
QC,H9H,101,2850
QC,H9H,102,3140
QC,H9J,101,2400
QC,H9J,102,2520
QC,H9J,103,X
QC,H9K,101,940
QC,H9K,102,1030
QC,H9P,101,500
QC,H9P,102,540
QC,H9R,101,2330
QC,H9R,102,2600
QC,H9R,103,X
QC,H9S,101,2240
QC,H9S,102,2510
QC,H9S,103,X
QC,H9W,-1,X
QC,H9W,101,1730
QC,H9W,102,1730
QC,H9W,103,X
QC,H9X,101,860
QC,H9X,102,980
QC,H9X,103,X
QC,H9Z,102,X
QC,J0A,101,1740
QC,J0A,102,2070
QC,J0B,101,6100
QC,J0B,102,7740
QC,J0B,103,X
QC,J0C,101,2380
QC,J0C,102,3050
QC,J0C,103,X
QC,J0E,101,5470
QC,J0E,102,6470
QC,J0E,103,X
QC,J0G,101,1680
QC,J0G,102,2180
QC,J0H,101,5450
QC,J0H,102,6590
QC,J0H,103,X
QC,J0J,101,4460
QC,J0J,102,5590
QC,J0K,101,15220
QC,J0K,102,19850
QC,J0K,103,X
QC,J0L,101,9350
QC,J0L,102,10930
QC,J0L,103,X
QC,J0M,101,2960
QC,J0M,102,3290
QC,J0N,101,5700
QC,J0N,102,6980
QC,J0N,103,X
QC,J0P,101,4360
QC,J0P,102,5030
QC,J0R,101,4610
QC,J0R,102,5020
QC,J0S,101,3180
QC,J0S,102,3840
QC,J0S,103,X
QC,J0T,-1,X
QC,J0T,101,5570
QC,J0T,102,7070
QC,J0T,103,X
QC,J0V,101,2690
QC,J0V,102,3370
QC,J0V,103,X
QC,J0W,101,1630
QC,J0W,102,2270
QC,J0X,101,4040
QC,J0X,102,5340
QC,J0X,103,X
QC,J0Y,101,2930
QC,J0Y,102,4080
QC,J0Z,101,3030
QC,J0Z,102,4270
QC,J1A,-1,X
QC,J1A,101,940
QC,J1A,102,1080
QC,J1C,101,620
QC,J1C,102,820
QC,J1E,101,2450
QC,J1E,102,3210
QC,J1E,103,X
QC,J1G,101,1710
QC,J1G,102,2350
QC,J1H,101,3200
QC,J1H,102,4170
QC,J1H,103,X
QC,J1J,101,1260
QC,J1J,102,1470
QC,J1J,103,X
QC,J1K,101,680
QC,J1K,102,910
QC,J1K,103,X
QC,J1L,101,1400
QC,J1L,102,1560
QC,J1L,103,X
QC,J1M,-1,X
QC,J1M,101,460
QC,J1M,102,570
QC,J1N,101,3540
QC,J1N,102,4050
QC,J1P,102,X
QC,J1R,101,1170
QC,J1R,102,1410
QC,J1S,101,740
QC,J1S,102,990
QC,J1T,101,650
QC,J1T,102,840
QC,J1X,-1,X
QC,J1X,101,3410
QC,J1X,102,3940
QC,J1X,103,X
QC,J1Z,101,630
QC,J1Z,102,800
QC,J2A,101,1410
QC,J2A,102,1680
QC,J2B,-1,X
QC,J2B,101,3600
QC,J2B,102,4160
QC,J2C,101,2990
QC,J2C,102,3380
QC,J2E,101,590
QC,J2E,102,640
QC,J2G,101,3140
QC,J2G,102,3800
QC,J2H,101,2300
QC,J2H,102,2490
QC,J2H,103,X
QC,J2J,101,1990
QC,J2J,102,2330
QC,J2K,101,1790
QC,J2K,102,2100
QC,J2L,101,1230
QC,J2L,102,1200
QC,J2M,101,690
QC,J2M,102,900
QC,J2N,101,1110
QC,J2N,102,1270
QC,J2P,102,X
QC,J2R,101,970
QC,J2R,102,1210
QC,J2S,101,2900
QC,J2S,102,3450
QC,J2S,103,X
QC,J2T,101,1740
QC,J2T,102,1890
QC,J2T,103,X
QC,J2W,101,2960
QC,J2W,102,3370
QC,J2X,101,2190
QC,J2X,102,2570
QC,J2X,103,X
QC,J2Y,101,620
QC,J2Y,102,720
QC,J3A,101,780
QC,J3A,102,890
QC,J3A,103,X
QC,J3B,101,3940
QC,J3B,102,4670
QC,J3B,103,X
QC,J3E,-1,X
QC,J3E,101,2880
QC,J3E,102,3130
QC,J3G,101,3440
QC,J3G,102,3830
QC,J3G,103,X
QC,J3H,101,2610
QC,J3H,102,2760
QC,J3J,101,X
QC,J3J,102,X
QC,J3K,102,X
QC,J3L,101,5380
QC,J3L,102,6120
QC,J3L,103,X
QC,J3M,101,1160
QC,J3M,102,1400
QC,J3M,103,X
QC,J3N,101,1680
QC,J3N,102,1800
QC,J3N,103,X
QC,J3P,101,2250
QC,J3P,102,2600
QC,J3R,101,1300
QC,J3R,102,1510
QC,J3R,103,X
QC,J3S,101,X
QC,J3T,101,740
QC,J3T,102,870
QC,J3V,101,2150
QC,J3V,102,2260
QC,J3W,102,X
QC,J3X,101,2040
QC,J3X,102,2240
QC,J3Y,101,6830
QC,J3Y,102,7770
QC,J3Y,103,X
QC,J3Z,101,580
QC,J3Z,102,660
QC,J4A,102,X
QC,J4B,-1,X
QC,J4B,101,3380
QC,J4B,102,3690
QC,J4B,103,X
QC,J4C,102,X
QC,J4G,101,1000
QC,J4G,102,1170
QC,J4H,101,1450
QC,J4H,102,1700
QC,J4J,101,3520
QC,J4J,102,4340
QC,J4J,103,X
QC,J4K,101,3210
QC,J4K,102,4010
QC,J4K,103,X
QC,J4L,101,3410
QC,J4L,102,4120
QC,J4L,103,X
QC,J4M,101,1110
QC,J4M,102,1230
QC,J4N,101,820
QC,J4N,102,850
QC,J4P,101,1070
QC,J4P,102,1070
QC,J4R,101,950
QC,J4R,102,1090
QC,J4S,101,490
QC,J4S,102,500
QC,J4S,103,X
QC,J4T,101,2370
QC,J4T,102,2840
QC,J4T,103,X
QC,J4V,-1,X
QC,J4V,101,1820
QC,J4V,102,2090
QC,J4W,101,2060
QC,J4W,102,2480
QC,J4W,103,X
QC,J4X,101,1840
QC,J4X,102,1970
QC,J4Y,101,2780
QC,J4Y,102,2960
QC,J4Y,103,X
QC,J4Z,101,3220
QC,J4Z,102,3760
QC,J4Z,103,X
QC,J5A,101,2980
QC,J5A,102,3230
QC,J5B,101,810
QC,J5B,102,970
QC,J5C,101,1860
QC,J5C,102,2030
QC,J5C,103,X
QC,J5E,102,X
QC,J5G,101,X
QC,J5J,101,2140
QC,J5J,102,2820
QC,J5J,103,X
QC,J5K,101,2010
QC,J5K,102,2570
QC,J5L,-1,X
QC,J5L,101,2730
QC,J5L,102,3090
QC,J5L,103,X
QC,J5M,101,2960
QC,J5M,102,3710
QC,J5M,103,X
QC,J5N,101,160
QC,J5N,102,150
QC,J5R,101,4640
QC,J5R,102,4930
QC,J5R,103,X
QC,J5T,101,1660
QC,J5T,102,2060
QC,J5V,101,750
QC,J5V,102,950
QC,J5W,-1,X
QC,J5W,101,2820
QC,J5W,102,3220
QC,J5X,101,1030
QC,J5X,102,1250
QC,J5X,103,X
QC,J5Y,101,3010
QC,J5Y,102,3320
QC,J5Y,103,X
QC,J5Z,101,3050
QC,J5Z,102,3530
QC,J6A,101,3240
QC,J6A,102,3940
QC,J6A,103,X
QC,J6C,101,X
QC,J6E,101,4330
QC,J6E,102,5100
QC,J6E,103,X
QC,J6J,-1,X
QC,J6J,101,2560
QC,J6J,102,2900
QC,J6K,101,2670
QC,J6K,102,2980
QC,J6L,102,X
QC,J6N,101,1620
QC,J6N,102,1870
QC,J6R,-1,X
QC,J6R,101,1430
QC,J6R,102,1610
QC,J6S,101,2400
QC,J6S,102,2710
QC,J6T,-1,X
QC,J6T,101,1910
QC,J6T,102,2210
QC,J6V,101,1410
QC,J6V,102,1530
QC,J6W,101,3740
QC,J6W,102,4160
QC,J6W,103,X
QC,J6X,101,2700
QC,J6X,102,3130
QC,J6Y,101,2420
QC,J6Y,102,2820
QC,J6Z,101,2220
QC,J6Z,102,2350
QC,J7A,101,1580
QC,J7A,102,1700
QC,J7B,-1,X
QC,J7B,101,1420
QC,J7B,102,1500
QC,J7C,101,5360
QC,J7C,102,5950
QC,J7C,103,X
QC,J7E,-1,X
QC,J7E,101,3370
QC,J7E,102,4090
QC,J7E,103,X
QC,J7G,101,2130
QC,J7G,102,2450
QC,J7H,101,910
QC,J7H,102,1040
QC,J7J,101,3410
QC,J7J,102,3750
QC,J7J,103,X
QC,J7K,101,4130
QC,J7K,102,4480
QC,J7L,101,1640
QC,J7L,102,2010
QC,J7M,101,3030
QC,J7M,102,3700
QC,J7M,103,X
QC,J7N,101,4030
QC,J7N,102,4430
QC,J7P,101,2850
QC,J7P,102,3370
QC,J7P,103,X
QC,J7R,101,4140
QC,J7R,102,4600
QC,J7R,103,X
QC,J7T,101,3020
QC,J7T,102,3390
QC,J7T,103,X
QC,J7V,-1,X
QC,J7V,101,7330
QC,J7V,102,8100
QC,J7V,103,X
QC,J7W,101,1470
QC,J7W,102,1640
QC,J7X,101,610
QC,J7X,102,700
QC,J7Y,101,3000
QC,J7Y,102,3560
QC,J7Y,103,X
QC,J7Z,101,3410
QC,J7Z,102,4140
QC,J7Z,103,X
QC,J8A,101,1240
QC,J8A,102,1630
QC,J8B,101,1830
QC,J8B,102,2030
QC,J8B,103,X
QC,J8C,101,1320
QC,J8C,102,1540
QC,J8E,101,1580
QC,J8E,102,1720
QC,J8E,103,X
QC,J8G,101,830
QC,J8G,102,1080
QC,J8H,101,1500
QC,J8H,102,1900
QC,J8L,101,1760
QC,J8L,102,2300
QC,J8M,101,1260
QC,J8M,102,1560
QC,J8N,101,1080
QC,J8N,102,1690
QC,J8P,101,3550
QC,J8P,102,4380
QC,J8P,103,X
QC,J8R,101,2320
QC,J8R,102,2810
QC,J8S,101,X
QC,J8S,102,X
QC,J8T,101,3610
QC,J8T,102,4340
QC,J8T,103,X
QC,J8V,101,2060
QC,J8V,102,2490
QC,J8V,103,X
QC,J8X,101,1080
QC,J8X,102,1490
QC,J8X,103,X
QC,J8Y,101,2350
QC,J8Y,102,2940
QC,J8Y,103,X
QC,J8Z,101,1370
QC,J8Z,102,1500
QC,J9A,101,1730
QC,J9A,102,1830
QC,J9A,103,X
QC,J9B,101,530
QC,J9B,102,600
QC,J9E,101,870
QC,J9E,102,1090
QC,J9H,101,2620
QC,J9H,102,2980
QC,J9H,103,X
QC,J9J,101,3030
QC,J9J,102,3200
QC,J9J,103,X
QC,J9L,101,1430
QC,J9L,102,1860
QC,J9L,103,X
QC,J9N,102,X
QC,J9O,102,X
QC,J9P,101,3580
QC,J9P,102,4510
QC,J9P,103,X
QC,J9T,101,1190
QC,J9T,102,1610
QC,J9V,101,290
QC,J9V,102,330
QC,J9X,101,2330
QC,J9X,102,2780
QC,J9X,103,X
QC,J9Y,101,1030
QC,J9Y,102,1290
QC,J9Y,103,X
QC,J9Z,101,670
QC,J9Z,102,880
ON,K0A,101,9770
ON,K0A,102,9710
ON,K0A,103,X
ON,K0B,101,2050
ON,K0B,102,2360
ON,K0C,-1,X
ON,K0C,101,4730
ON,K0C,102,4670
ON,K0E,101,3750
ON,K0E,102,3530
ON,K0G,101,3600
ON,K0G,102,3360
ON,K0G,103,X
ON,K0H,101,4050
ON,K0H,102,4090
ON,K0H,103,X
ON,K0J,-1,X
ON,K0J,101,2970
ON,K0J,102,2690
ON,K0J,103,X
ON,K0K,-1,X
ON,K0K,101,11650
ON,K0K,102,11130
ON,K0K,103,X
ON,K0L,101,7620
ON,K0L,102,7980
ON,K0L,103,X
ON,K0M,101,5210
ON,K0M,102,5490
ON,K0M,103,X
ON,K0N,102,X
ON,K0P,102,X
ON,K0W,101,X
ON,K1A,101,X
ON,K1A,102,X
ON,K1B,101,1800
ON,K1B,102,2050
ON,K1C,-1,X
ON,K1C,101,3250
ON,K1C,102,3140
ON,K1C,103,X
ON,K1D,102,X
ON,K1E,101,1270
ON,K1E,102,1300
ON,K1G,-1,X
ON,K1G,101,3620
ON,K1G,102,4100
ON,K1H,101,1280
ON,K1H,102,1340
ON,K1H,103,X
ON,K1I,101,X
ON,K1J,-1,X
ON,K1J,101,2740
ON,K1J,102,2940
ON,K1J,103,X
ON,K1K,101,3490
ON,K1K,102,3920
ON,K1K,103,X
ON,K1L,-1,X
ON,K1L,101,1990
ON,K1L,102,2500
ON,K1L,103,X
ON,K1M,-1,X
ON,K1M,101,380
ON,K1M,102,340
ON,K1M,103,X
ON,K1N,101,2760
ON,K1N,102,3060
ON,K1N,103,X
ON,K1O,101,X
ON,K1P,101,40
ON,K1P,102,60
ON,K1R,-1,X
ON,K1R,101,1880
ON,K1R,102,2350
ON,K1R,103,X
ON,K1S,-1,X
ON,K1S,101,2390
ON,K1S,102,2480
ON,K1S,103,X
ON,K1T,-1,X
ON,K1T,101,4270
ON,K1T,102,4700
ON,K1T,103,X
ON,K1V,-1,X
ON,K1V,101,5690
ON,K1V,102,6340
ON,K1V,103,X
ON,K1W,101,1210
ON,K1W,102,1130
ON,K1X,101,400
ON,K1X,102,390
ON,K1Y,101,1470
ON,K1Y,102,1660
ON,K1Y,103,X
ON,K1Z,-1,X
ON,K1Z,101,2310
ON,K1Z,102,2320
ON,K1Z,103,X
ON,K2A,101,1250
ON,K2A,102,1190
ON,K2A,103,X
ON,K2B,101,3710
ON,K2B,102,3680
ON,K2B,103,X
ON,K2C,-1,X
ON,K2C,101,2940
ON,K2C,102,3170
ON,K2C,103,X
ON,K2E,101,1770
ON,K2E,102,2160
ON,K2E,103,X
ON,K2G,-1,X
ON,K2G,101,5060
ON,K2G,102,5430
ON,K2G,103,X
ON,K2H,101,2270
ON,K2H,102,2350
ON,K2H,103,X
ON,K2J,-1,X
ON,K2J,101,7770
ON,K2J,102,7220
ON,K2J,103,X
ON,K2K,-1,X
ON,K2K,101,2030
ON,K2K,102,1760
ON,K2L,-1,X
ON,K2L,101,1790
ON,K2L,102,1620
ON,K2M,101,2590
ON,K2M,102,2190
ON,K2M,103,X
ON,K2P,-1,X
ON,K2P,101,1730
ON,K2P,102,1840
ON,K2P,103,X
ON,K2R,101,110
ON,K2R,102,110
ON,K2S,101,3260
ON,K2S,102,2730
ON,K2T,101,890
ON,K2T,102,740
ON,K2V,101,840
ON,K2V,102,730
ON,K2W,101,690
ON,K2W,102,580
ON,K4A,101,5690
ON,K4A,102,5410
ON,K4A,103,X
ON,K4B,101,430
ON,K4B,102,450
ON,K4C,101,350
ON,K4C,102,450
ON,K4K,101,1570
ON,K4K,102,1470
ON,K4L,101,X
ON,K4M,101,1140
ON,K4M,102,1090
ON,K4M,103,X
ON,K4P,101,850
ON,K4P,102,830
ON,K4R,101,660
ON,K4R,102,660
ON,K4R,103,X
ON,K5J,101,X
ON,K6A,101,1420
ON,K6A,102,1720
ON,K6H,-1,X
ON,K6H,101,3730
ON,K6H,102,3800
ON,K6H,103,X
ON,K6J,101,1940
ON,K6J,102,1900
ON,K6K,101,340
ON,K6K,102,310
ON,K6M,101,X
ON,K6R,102,X
ON,K6T,101,50
ON,K6T,102,50
ON,K6V,101,2740
ON,K6V,102,2590
ON,K6V,103,X
ON,K7A,101,1800
ON,K7A,102,1720
ON,K7A,103,X
ON,K7C,101,1980
ON,K7C,102,1700
ON,K7C,103,X
ON,K7G,101,860
ON,K7G,102,960
ON,K7H,101,1470
ON,K7H,102,1350
ON,K7H,103,X
ON,K7K,101,3950
ON,K7K,102,3860
ON,K7K,103,X
ON,K7L,101,1540
ON,K7L,102,1590
ON,K7L,103,X
ON,K7M,-1,X
ON,K7M,101,4910
ON,K7M,102,4700
ON,K7M,103,X
ON,K7N,101,830
ON,K7N,102,710
ON,K7P,101,2370
ON,K7P,102,2200
ON,K7P,103,X
ON,K7R,101,1380
ON,K7R,102,1320
ON,K7S,101,1390
ON,K7S,102,1220
ON,K7S,103,X
ON,K7V,101,1330
ON,K7V,102,1220
ON,K7Z,102,X
ON,K8A,101,2600
ON,K8A,102,2440
ON,K8A,103,X
ON,K8B,101,40
ON,K8B,102,40
ON,K8H,101,1260
ON,K8H,102,570
ON,K8M,101,X
ON,K8N,101,3230
ON,K8N,102,3040
ON,K8N,103,X
ON,K8P,101,2800
ON,K8P,102,2660
ON,K8P,103,X
ON,K8R,101,210
ON,K8R,102,170
ON,K8R,103,X
ON,K8V,101,2990
ON,K8V,102,2600
ON,K8V,103,X
ON,K9A,-1,X
ON,K9A,101,2770
ON,K9A,102,2520
ON,K9A,103,X
ON,K9H,-1,X
ON,K9H,101,3410
ON,K9H,102,3440
ON,K9H,103,X
ON,K9J,101,5220
ON,K9J,102,5360
ON,K9J,103,X
ON,K9K,101,1360
ON,K9K,102,1270
ON,K9L,101,820
ON,K9L,102,770
ON,K9N,102,X
ON,K9P,101,X
ON,K9V,101,3070
ON,K9V,102,3090
ON,K9V,103,X
ON,L0A,101,1530
ON,L0A,102,1460
ON,L0B,101,1690
ON,L0B,102,1800
ON,L0B,103,X
ON,L0C,101,1060
ON,L0C,102,1070
ON,L0E,-1,X
ON,L0E,101,2650
ON,L0E,102,2750
ON,L0E,103,X
ON,L0G,-1,X
ON,L0G,101,5160
ON,L0G,102,5240
ON,L0G,103,X
ON,L0H,101,160
ON,L0H,102,230
ON,L0J,101,600
ON,L0J,102,580
ON,L0K,101,4190
ON,L0K,102,4380
ON,L0K,103,X
ON,L0L,101,4780
ON,L0L,102,4850
ON,L0M,101,4320
ON,L0M,102,4020
ON,L0M,103,X
ON,L0N,101,310
ON,L0N,102,300
ON,L0P,101,810
ON,L0P,102,890
ON,L0R,101,8550
ON,L0R,102,7880
ON,L0R,103,X
ON,L0S,-1,X
ON,L0S,101,6290
ON,L0S,102,5890
ON,L0S,103,X
ON,L0W,102,X
ON,L0Y,102,X
ON,L1A,101,1630
ON,L1A,102,1520
ON,L1A,103,X
ON,L1B,101,1220
ON,L1B,102,1140
ON,L1B,103,X
ON,L1C,-1,X
ON,L1C,101,5740
ON,L1C,102,5160
ON,L1C,103,X
ON,L1E,-1,X
ON,L1E,101,3260
ON,L1E,102,3010
ON,L1G,-1,X
ON,L1G,101,5390
ON,L1G,102,5650
ON,L1G,103,X
ON,L1H,101,4250
ON,L1H,102,4770
ON,L1H,103,X
ON,L1J,-1,X
ON,L1J,101,5700
ON,L1J,102,5780
ON,L1J,103,X
ON,L1K,101,5230
ON,L1K,102,4880
ON,L1K,103,X
ON,L1L,-1,X
ON,L1L,101,1800
ON,L1L,102,1800
ON,L1L,103,X
ON,L1M,101,2120
ON,L1M,102,1870
ON,L1N,-1,X
ON,L1N,101,5400
ON,L1N,102,5600
ON,L1N,103,X
ON,L1P,101,2540
ON,L1P,102,2440
ON,L1P,103,X
ON,L1R,101,4800
ON,L1R,102,4460
ON,L1R,103,X
ON,L1S,101,5270
ON,L1S,102,5240
ON,L1S,103,X
ON,L1T,-1,X
ON,L1T,101,7110
ON,L1T,102,7290
ON,L1T,103,X
ON,L1V,-1,X
ON,L1V,101,6490
ON,L1V,102,6580
ON,L1V,103,X
ON,L1W,-1,X
ON,L1W,101,2160
ON,L1W,102,2270
ON,L1W,103,X
ON,L1X,101,3100
ON,L1X,102,3150
ON,L1X,103,X
ON,L1Y,101,220
ON,L1Y,102,260
ON,L1Z,-1,X
ON,L1Z,101,3930
ON,L1Z,102,4120
ON,L2A,101,2060
ON,L2A,102,2070
ON,L2B,101,X
ON,L2B,102,X
ON,L2C,102,X
ON,L2E,101,3310
ON,L2E,102,3540
ON,L2E,103,X
ON,L2G,101,5250
ON,L2G,102,5240
ON,L2G,103,X
ON,L2H,-1,X
ON,L2H,101,4820
ON,L2H,102,4500
ON,L2J,101,2170
ON,L2J,102,2000
ON,L2J,103,X
ON,L2M,101,4160
ON,L2M,102,3960
ON,L2M,103,X
ON,L2N,101,3430
ON,L2N,102,3070
ON,L2N,103,X
ON,L2P,-1,X
ON,L2P,101,2210
ON,L2P,102,2110
ON,L2R,101,3650
ON,L2R,102,3800
ON,L2R,103,X
ON,L2S,-1,X
ON,L2S,101,2540
ON,L2S,102,2430
ON,L2S,103,X
ON,L2T,-1,X
ON,L2T,101,1490
ON,L2T,102,1490
ON,L2V,-1,X
ON,L2V,101,2680
ON,L2V,102,2740
ON,L2V,103,X
ON,L2W,101,290
ON,L2W,102,230
ON,L2Z,101,X
ON,L2Z,102,X
ON,L3B,101,3200
ON,L3B,102,3190
ON,L3B,103,X
ON,L3C,-1,X
ON,L3C,101,3980
ON,L3C,102,3700
ON,L3C,103,X
ON,L3G,101,X
ON,L3G,102,X
ON,L3H,102,X
ON,L3K,101,2080
ON,L3K,102,2020
ON,L3K,103,X
ON,L3L,101,90
ON,L3L,102,90
ON,L3M,101,2880
ON,L3M,102,2600
ON,L3M,103,X
ON,L3P,-1,X
ON,L3P,101,4360
ON,L3P,102,4410
ON,L3P,103,X
ON,L3R,-1,X
ON,L3R,101,8060
ON,L3R,102,8160
ON,L3R,103,X
ON,L3S,-1,X
ON,L3S,101,8670
ON,L3S,102,9580
ON,L3S,103,X
ON,L3T,-1,X
ON,L3T,101,6630
ON,L3T,102,6570
ON,L3T,103,X
ON,L3V,-1,X
ON,L3V,101,6130
ON,L3V,102,6090
ON,L3V,103,X
ON,L3W,102,X
ON,L3X,-1,X
ON,L3X,101,6460
ON,L3X,102,5990
ON,L3Y,101,5530
ON,L3Y,102,5630
ON,L3Y,103,X
ON,L3Z,-1,X
ON,L3Z,101,5410
ON,L3Z,102,5350
ON,L4A,-1,X
ON,L4A,101,5550
ON,L4A,102,5410
ON,L4A,103,X
ON,L4B,-1,X
ON,L4B,101,4800
ON,L4B,102,4540
ON,L4C,-1,X
ON,L4C,101,10650
ON,L4C,102,10930
ON,L4C,103,X
ON,L4E,-1,X
ON,L4E,101,7300
ON,L4E,102,7160
ON,L4E,103,X
ON,L4G,-1,X
ON,L4G,101,7680
ON,L4G,102,7500
ON,L4G,103,X
ON,L4H,-1,X
ON,L4H,101,10620
ON,L4H,102,10300
ON,L4H,103,X
ON,L4J,-1,X
ON,L4J,101,10290
ON,L4J,102,10020
ON,L4J,103,X
ON,L4K,-1,X
ON,L4K,101,2600
ON,L4K,102,2620
ON,L4K,103,X
ON,L4L,-1,X
ON,L4L,101,7340
ON,L4L,102,7450
ON,L4L,103,X
ON,L4M,-1,X
ON,L4M,101,6750
ON,L4M,102,7170
ON,L4M,103,X
ON,L4N,-1,X
ON,L4N,101,13350
ON,L4N,102,12870
ON,L4N,103,X
ON,L4P,101,3840
ON,L4P,102,3970
ON,L4P,103,X
ON,L4R,101,2150
ON,L4R,102,2280
ON,L4R,103,X
ON,L4S,-1,X
ON,L4S,101,4680
ON,L4S,102,4510
ON,L4T,-1,X
ON,L4T,101,6390
ON,L4T,102,7980
ON,L4T,103,X
ON,L4V,101,X
ON,L4V,102,X
ON,L4W,-1,X
ON,L4W,101,2300
ON,L4W,102,2540
ON,L4X,-1,X
ON,L4X,101,2520
ON,L4X,102,2850
ON,L4Y,-1,X
ON,L4Y,101,2860
ON,L4Y,102,2970
ON,L4Y,103,X
ON,L4Z,-1,X
ON,L4Z,101,5190
ON,L4Z,102,5230
ON,L5A,-1,X
ON,L5A,101,6260
ON,L5A,102,6770
ON,L5A,103,X
ON,L5B,-1,X
ON,L5B,101,7860
ON,L5B,102,8280
ON,L5B,103,X
ON,L5C,-1,X
ON,L5C,101,3900
ON,L5C,102,4220
ON,L5C,103,X
ON,L5E,-1,X
ON,L5E,101,1520
ON,L5E,102,1600
ON,L5E,103,X
ON,L5G,-1,X
ON,L5G,101,2270
ON,L5G,102,2510
ON,L5G,103,X
ON,L5H,-1,X
ON,L5H,101,1800
ON,L5H,102,1830
ON,L5J,101,3300
ON,L5J,102,3200
ON,L5J,103,X
ON,L5K,-1,X
ON,L5K,101,1610
ON,L5K,102,1710
ON,L5L,-1,70
ON,L5L,101,5370
ON,L5L,102,5450
ON,L5L,103,X
ON,L5M,-1,X
ON,L5M,101,12810
ON,L5M,102,12910
ON,L5M,103,X
ON,L5N,-1,X
ON,L5N,101,10210
ON,L5N,102,10280
ON,L5N,103,X
ON,L5P,101,X
ON,L5P,102,X
ON,L5R,101,5060
ON,L5R,102,5350
ON,L5R,103,X
ON,L5S,101,X
ON,L5S,102,40
ON,L5T,101,X
ON,L5T,102,70
ON,L5V,-1,X
ON,L5V,101,6960
ON,L5V,102,7370
ON,L5V,103,X
ON,L5W,-1,X
ON,L5W,101,3370
ON,L5W,102,3620
ON,L5W,103,X
ON,L6A,-1,X
ON,L6A,101,12470
ON,L6A,102,12600
ON,L6A,103,X
ON,L6B,-1,X
ON,L6B,101,4390
ON,L6B,102,4110
ON,L6B,103,X
ON,L6C,-1,X
ON,L6C,101,6300
ON,L6C,102,5850
ON,L6C,103,X
ON,L6E,-1,X
ON,L6E,101,4730
ON,L6E,102,4520
ON,L6E,103,X
ON,L6F,102,X
ON,L6G,101,890
ON,L6G,102,840
ON,L6H,-1,X
ON,L6H,101,7670
ON,L6H,102,7280
ON,L6H,103,X
ON,L6J,101,2040
ON,L6J,102,1930
ON,L6K,-1,X
ON,L6K,101,1600
ON,L6K,102,1590
ON,L6K,103,X
ON,L6L,101,2930
ON,L6L,102,2900
ON,L6L,103,X
ON,L6M,-1,X
ON,L6M,101,7110
ON,L6M,102,6590
ON,L6M,103,X
ON,L6N,101,X
ON,L6P,-1,X
ON,L6P,101,15180
ON,L6P,102,16610
ON,L6P,103,X
ON,L6R,-1,X
ON,L6R,101,15530
ON,L6R,102,16500
ON,L6R,103,X
ON,L6S,-1,X
ON,L6S,101,7700
ON,L6S,102,8820
ON,L6S,103,X
ON,L6T,101,5650
ON,L6T,102,6120
ON,L6T,103,X
ON,L6V,-1,X
ON,L6V,101,6330
ON,L6V,102,7040
ON,L6V,103,X
ON,L6W,101,3090
ON,L6W,102,3410
ON,L6W,103,X
ON,L6X,-1,X
ON,L6X,101,11370
ON,L6X,102,12180
ON,L6X,103,X
ON,L6Y,-1,X
ON,L6Y,101,15110
ON,L6Y,102,16580
ON,L6Y,103,X
ON,L6Z,-1,X
ON,L6Z,101,4680
ON,L6Z,102,5040
ON,L6Z,103,X
ON,L7A,-1,X
ON,L7A,101,15220
ON,L7A,102,15900
ON,L7A,103,X
ON,L7B,-1,X
ON,L7B,101,2140
ON,L7B,102,2090
ON,L7C,101,4070
ON,L7C,102,4540
ON,L7E,101,4140
ON,L7E,102,4170
ON,L7E,103,X
ON,L7G,101,5010
ON,L7G,102,4940
ON,L7G,103,X
ON,L7J,101,1480
ON,L7J,102,1460
ON,L7K,101,990
ON,L7K,102,1030
ON,L7L,-1,X
ON,L7L,101,4750
ON,L7L,102,4270
ON,L7M,101,4950
ON,L7M,102,4470
ON,L7M,103,X
ON,L7N,101,1380
ON,L7N,102,1220
ON,L7N,103,X
ON,L7P,101,3100
ON,L7P,102,2990
ON,L7R,101,2040
ON,L7R,102,1840
ON,L7R,103,X
ON,L7S,-1,X
ON,L7S,101,1290
ON,L7S,102,1170
ON,L7S,103,X
ON,L7T,101,1850
ON,L7T,102,1750
ON,L7W,101,X
ON,L7W,102,X
ON,L8B,101,2350
ON,L8B,102,2130
ON,L8B,103,X
ON,L8E,101,4940
ON,L8E,102,5120
ON,L8E,103,X
ON,L8G,101,2240
ON,L8G,102,2280
ON,L8H,-1,X
ON,L8H,101,3670
ON,L8H,102,4100
ON,L8J,-1,X
ON,L8J,101,3360
ON,L8J,102,3280
ON,L8J,103,X
ON,L8K,101,3780
ON,L8K,102,3890
ON,L8K,103,X
ON,L8L,-1,X
ON,L8L,101,4490
ON,L8L,102,5250
ON,L8L,103,X
ON,L8M,-1,X
ON,L8M,101,1770
ON,L8M,102,2090
ON,L8M,103,X
ON,L8N,-1,X
ON,L8N,101,1980
ON,L8N,102,2510
ON,L8N,103,X
ON,L8P,-1,X
ON,L8P,101,2640
ON,L8P,102,2970
ON,L8P,103,X
ON,L8R,-1,X
ON,L8R,101,1370
ON,L8R,102,1750
ON,L8R,103,X
ON,L8S,101,1530
ON,L8S,102,1740
ON,L8S,103,X
ON,L8T,101,2190
ON,L8T,102,2280
ON,L8T,103,X
ON,L8V,-1,X
ON,L8V,101,2390
ON,L8V,102,2600
ON,L8W,-1,X
ON,L8W,101,3330
ON,L8W,102,3340
ON,L8W,103,X
ON,L9A,101,3200
ON,L9A,102,3350
ON,L9A,103,X
ON,L9B,101,2820
ON,L9B,102,2650
ON,L9B,103,X
ON,L9C,101,4780
ON,L9C,102,5050
ON,L9C,103,X
ON,L9E,101,1740
ON,L9E,102,1710
ON,L9G,-1,X
ON,L9G,101,2290
ON,L9G,102,2280
ON,L9H,101,2940
ON,L9H,102,2770
ON,L9H,103,X
ON,L9J,101,230
ON,L9J,102,240
ON,L9K,101,1670
ON,L9K,102,1580
ON,L9L,101,1530
ON,L9L,102,1470
ON,L9M,101,1510
ON,L9M,102,1700
ON,L9M,103,X
ON,L9N,-1,X
ON,L9N,101,2820
ON,L9N,102,2830
ON,L9P,101,1770
ON,L9P,102,1690
ON,L9P,103,X
ON,L9R,-1,X
ON,L9R,101,2980
ON,L9R,102,2820
ON,L9S,-1,X
ON,L9S,101,4200
ON,L9S,102,4310
ON,L9S,103,X
ON,L9T,-1,X
ON,L9T,101,12120
ON,L9T,102,11950
ON,L9T,103,X
ON,L9V,-1,X
ON,L9V,101,2090
ON,L9V,102,2050
ON,L9W,-1,X
ON,L9W,101,5950
ON,L9W,102,5440
ON,L9W,103,X
ON,L9X,101,1250
ON,L9X,102,1230
ON,L9X,103,X
ON,L9Y,101,3580
ON,L9Y,102,3340
ON,L9Y,103,X
ON,L9Z,101,2680
ON,L9Z,102,2690
ON,L9Z,103,X
ON,M0N,102,X
ON,M0P,102,X
ON,M1A,102,X
ON,M1B,101,10460
ON,M1B,102,11040
ON,M1C,-1,X
ON,M1C,101,4170
ON,M1C,102,4640
ON,M1C,103,X
ON,M1E,-1,X
ON,M1E,101,7090
ON,M1E,102,7480
ON,M1E,103,X
ON,M1G,-1,X
ON,M1G,101,4650
ON,M1G,102,5330
ON,M1G,103,X
ON,M1H,-1,450
ON,M1H,101,3510
ON,M1H,102,3800
ON,M1H,103,X
ON,M1J,-1,460
ON,M1J,101,5890
ON,M1J,102,6380
ON,M1J,103,X
ON,M1K,-1,X
ON,M1K,101,7450
ON,M1K,102,8670
ON,M1K,103,X
ON,M1L,-1,X
ON,M1L,101,5040
ON,M1L,102,5960
ON,M1L,103,X
ON,M1M,-1,X
ON,M1M,101,3120
ON,M1M,102,3550
ON,M1M,103,X
ON,M1N,-1,X
ON,M1N,101,2800
ON,M1N,102,3190
ON,M1N,103,X
ON,M1P,101,6170
ON,M1P,102,6770
ON,M1P,103,X
ON,M1R,-1,X
ON,M1R,101,4480
ON,M1R,102,5130
ON,M1R,103,X
ON,M1S,-1,X
ON,M1S,101,5510
ON,M1S,102,5990
ON,M1S,103,X
ON,M1T,-1,320
ON,M1T,101,4630
ON,M1T,102,5040
ON,M1T,103,X
ON,M1V,-1,X
ON,M1V,101,7850
ON,M1V,102,8370
ON,M1V,103,X
ON,M1W,-1,X
ON,M1W,101,6340
ON,M1W,102,6560
ON,M1W,103,X
ON,M1X,101,2470
ON,M1X,102,2800
ON,M1Z,102,X
ON,M2A,101,X
ON,M2H,101,3000
ON,M2H,102,2980
ON,M2H,103,X
ON,M2J,-1,X
ON,M2J,101,8370
ON,M2J,102,8580
ON,M2J,103,X
ON,M2K,-1,X
ON,M2K,101,3140
ON,M2K,102,2960
ON,M2K,103,X
ON,M2L,-1,X
ON,M2L,101,1240
ON,M2L,102,1220
ON,M2L,103,X
ON,M2M,-1,X
ON,M2M,101,4810
ON,M2M,102,4860
ON,M2M,103,X
ON,M2N,-1,X
ON,M2N,101,9030
ON,M2N,102,8450
ON,M2N,103,X
ON,M2P,101,800
ON,M2P,102,740
ON,M2R,-1,X
ON,M2R,101,7040
ON,M2R,102,6920
ON,M2R,103,X
ON,M2S,102,X
ON,M2W,102,X
ON,M3A,-1,X
ON,M3A,101,4680
ON,M3A,102,4830
ON,M3B,101,1220
ON,M3B,102,1210
ON,M3C,-1,X
ON,M3C,101,5050
ON,M3C,102,5660
ON,M3C,103,X
ON,M3H,-1,X
ON,M3H,101,5470
ON,M3H,102,5150
ON,M3H,103,X
ON,M3J,-1,X
ON,M3J,101,4980
ON,M3J,102,6010
ON,M3K,-1,X
ON,M3K,101,1180
ON,M3K,102,1230
ON,M3L,-1,X
ON,M3L,101,3520
ON,M3L,102,3640
ON,M3L,103,X
ON,M3M,-1,X
ON,M3M,101,4200
ON,M3M,102,4190
ON,M3M,103,X
ON,M3N,-1,X
ON,M3N,101,7660
ON,M3N,102,7710
ON,M3N,103,X
ON,M4A,-1,X
ON,M4A,101,1920
ON,M4A,102,1990
ON,M4A,103,X
ON,M4B,-1,X
ON,M4B,101,2650
ON,M4B,102,2720
ON,M4B,103,X
ON,M4C,-1,X
ON,M4C,101,5740
ON,M4C,102,6630
ON,M4C,103,X
ON,M4E,-1,X
ON,M4E,101,2710
ON,M4E,102,2580
ON,M4E,103,X
ON,M4G,101,1680
ON,M4G,102,1520
ON,M4G,103,X
ON,M4H,-1,X
ON,M4H,101,2200
ON,M4H,102,3340
ON,M4J,-1,X
ON,M4J,101,3850
ON,M4J,102,4270
ON,M4J,103,X
ON,M4K,-1,X
ON,M4K,101,3570
ON,M4K,102,3790
ON,M4K,103,X
ON,M4L,101,3620
ON,M4L,102,3770
ON,M4L,103,X
ON,M4M,101,3010
ON,M4M,102,3400
ON,M4M,103,X
ON,M4N,-1,X
ON,M4N,101,1240
ON,M4N,102,1110
ON,M4P,-1,X
ON,M4P,101,2880
ON,M4P,102,2680
ON,M4P,103,X
ON,M4R,101,1100
ON,M4R,102,990
ON,M4R,103,X
ON,M4S,-1,X
ON,M4S,101,2930
ON,M4S,102,2750
ON,M4S,103,X
ON,M4T,101,880
ON,M4T,102,720
ON,M4V,101,1780
ON,M4V,102,1550
ON,M4V,103,X
ON,M4W,-1,X
ON,M4W,101,1280
ON,M4W,102,1200
ON,M4X,-1,X
ON,M4X,101,2800
ON,M4X,102,3540
ON,M4X,103,X
ON,M4Y,-1,X
ON,M4Y,101,3430
ON,M4Y,102,4640
ON,M4Y,103,X
ON,M5A,-1,X
ON,M5A,101,5970
ON,M5A,102,7620
ON,M5A,103,X
ON,M5B,101,1830
ON,M5B,102,2160
ON,M5B,103,X
ON,M5C,101,380
ON,M5C,102,450
ON,M5E,101,920
ON,M5E,102,950
ON,M5G,-1,X
ON,M5G,101,900
ON,M5G,102,990
ON,M5H,101,270
ON,M5H,102,320
ON,M5H,103,X
ON,M5J,101,1390
ON,M5J,102,1380
ON,M5J,103,X
ON,M5K,101,X
ON,M5K,102,X
ON,M5L,101,X
ON,M5L,102,X
ON,M5M,-1,X
ON,M5M,101,2310
ON,M5M,102,2040
ON,M5M,103,X
ON,M5N,-1,X
ON,M5N,101,1760
ON,M5N,102,1510
ON,M5P,-1,X
ON,M5P,101,1970
ON,M5P,102,1750
ON,M5P,103,X
ON,M5R,101,2660
ON,M5R,102,2780
ON,M5R,103,X
ON,M5S,-1,X
ON,M5S,101,1540
ON,M5S,102,1740
ON,M5S,103,X
ON,M5T,-1,X
ON,M5T,101,2620
ON,M5T,102,2870
ON,M5T,103,X
ON,M5V,101,6140
ON,M5V,102,6140
ON,M5V,103,X
ON,M5W,101,X
ON,M5W,102,30
ON,M5X,101,X
ON,M5X,102,X
ON,M5Z,102,X
ON,M6A,-1,X
ON,M6A,101,3820
ON,M6A,102,3020
ON,M6A,103,X
ON,M6B,-1,X
ON,M6B,101,3990
ON,M6B,102,3590
ON,M6B,103,X
ON,M6C,-1,X
ON,M6C,101,2930
ON,M6C,102,2820
ON,M6C,103,X
ON,M6E,-1,30
ON,M6E,101,5820
ON,M6E,102,6100
ON,M6E,103,X
ON,M6G,-1,X
ON,M6G,101,3790
ON,M6G,102,4030
ON,M6G,103,X
ON,M6H,-1,30
ON,M6H,101,6240
ON,M6H,102,7090
ON,M6H,103,X
ON,M6J,-1,X
ON,M6J,101,4290
ON,M6J,102,4470
ON,M6J,103,X
ON,M6K,-1,X
ON,M6K,101,5900
ON,M6K,102,6400
ON,M6K,103,X
ON,M6L,-1,X
ON,M6L,101,3280
ON,M6L,102,3240
ON,M6L,103,X
ON,M6M,-1,40
ON,M6M,101,7010
ON,M6M,102,7040
ON,M6M,103,X
ON,M6N,-1,40
ON,M6N,101,5800
ON,M6N,102,6630
ON,M6N,103,X
ON,M6P,-1,X
ON,M6P,101,4970
ON,M6P,102,4770
ON,M6P,103,X
ON,M6R,-1,X
ON,M6R,101,2340
ON,M6R,102,2510
ON,M6R,103,X
ON,M6S,-1,X
ON,M6S,101,3440
ON,M6S,102,3120
ON,M6S,103,X
ON,M6T,102,X
ON,M6V,101,X
ON,M6W,101,X
ON,M6W,102,X
ON,M6Z,102,X
ON,M7A,101,X
ON,M7A,102,X
ON,M7J,101,X
ON,M8B,102,X
ON,M8H,102,X
ON,M8V,-1,X
ON,M8V,101,5610
ON,M8V,102,5870
ON,M8V,103,X
ON,M8W,101,2590
ON,M8W,102,2940
ON,M8W,103,X
ON,M8X,101,820
ON,M8X,102,750
ON,M8Y,-1,X
ON,M8Y,101,2540
ON,M8Y,102,2700
ON,M8Y,103,X
ON,M8Z,101,2010
ON,M8Z,102,2100
ON,M9A,-1,X
ON,M9A,101,4020
ON,M9A,102,3980
ON,M9B,-1,X
ON,M9B,101,3840
ON,M9B,102,3970
ON,M9B,103,X
ON,M9C,-1,X
ON,M9C,101,4590
ON,M9C,102,4650
ON,M9C,103,X
ON,M9K,102,X
ON,M9L,-1,X
ON,M9L,101,1870
ON,M9L,102,2220
ON,M9L,103,X
ON,M9M,-1,X
ON,M9M,101,3990
ON,M9M,102,4290
ON,M9M,103,X
ON,M9N,-1,X
ON,M9N,101,4140
ON,M9N,102,4880
ON,M9N,103,X
ON,M9P,-1,X
ON,M9P,101,2630
ON,M9P,102,2630
ON,M9P,103,X
ON,M9R,-1,X
ON,M9R,101,4670
ON,M9R,102,5420
ON,M9R,103,X
ON,M9V,-1,X
ON,M9V,101,9270
ON,M9V,102,10800
ON,M9V,103,X
ON,M9W,-1,X
ON,M9W,101,6530
ON,M9W,102,7750
ON,M9W,103,X
ON,M9Z,101,X
ON,N0A,101,4350
ON,N0A,102,4190
ON,N0A,103,X
ON,N0B,-1,X
ON,N0B,101,7410
ON,N0B,102,7060
ON,N0B,103,X
ON,N0C,101,1720
ON,N0C,102,1850
ON,N0E,101,3380
ON,N0E,102,3290
ON,N0G,-1,X
ON,N0G,101,7220
ON,N0G,102,6860
ON,N0G,103,X
ON,N0H,-1,X
ON,N0H,101,4970
ON,N0H,102,4550
ON,N0H,103,X
ON,N0J,101,2940
ON,N0J,102,2840
ON,N0J,103,X
ON,N0K,-1,X
ON,N0K,101,1970
ON,N0K,102,1780
ON,N0K,103,X
ON,N0L,101,4740
ON,N0L,102,5030
ON,N0L,103,X
ON,N0M,101,5950
ON,N0M,102,5600
ON,N0M,103,X
ON,N0N,101,3890
ON,N0N,102,3730
ON,N0N,103,X
ON,N0P,101,4990
ON,N0P,102,5330
ON,N0P,103,X
ON,N0R,101,5470
ON,N0R,102,5580
ON,N0R,103,X
ON,N0S,102,X
ON,N1A,101,1170
ON,N1A,102,1090
ON,N1B,102,X
ON,N1C,101,370
ON,N1C,102,350
ON,N1E,101,4880
ON,N1E,102,4780
ON,N1E,103,X
ON,N1G,101,3000
ON,N1G,102,3050
ON,N1G,103,X
ON,N1H,101,4960
ON,N1H,102,5500
ON,N1H,103,X
ON,N1K,101,1470
ON,N1K,102,1580
ON,N1K,103,X
ON,N1L,101,1840
ON,N1L,102,1780
ON,N1M,101,1750
ON,N1M,102,1720
ON,N1N,102,X
ON,N1P,101,940
ON,N1P,102,830
ON,N1R,-1,X
ON,N1R,101,5270
ON,N1R,102,5790
ON,N1R,103,X
ON,N1S,101,2210
ON,N1S,102,2090
ON,N1S,103,X
ON,N1T,101,2240
ON,N1T,102,2390
ON,N2A,101,3460
ON,N2A,102,3800
ON,N2A,103,X
ON,N2B,-1,X
ON,N2B,101,1890
ON,N2B,102,2080
ON,N2B,103,X
ON,N2C,-1,X
ON,N2C,101,2350
ON,N2C,102,2900
ON,N2C,103,X
ON,N2E,-1,X
ON,N2E,101,4990
ON,N2E,102,5220
ON,N2E,103,X
ON,N2G,-1,X
ON,N2G,101,1680
ON,N2G,102,2030
ON,N2G,103,X
ON,N2H,101,2440
ON,N2H,102,2750
ON,N2H,103,X
ON,N2J,-1,X
ON,N2J,101,1930
ON,N2J,102,2190
ON,N2J,103,X
ON,N2K,101,2880
ON,N2K,102,2780
ON,N2K,103,X
ON,N2L,-1,X
ON,N2L,101,3180
ON,N2L,102,3940
ON,N2M,-1,X
ON,N2M,101,4240
ON,N2M,102,5000
ON,N2M,103,X
ON,N2N,-1,X
ON,N2N,101,3010
ON,N2N,102,2990
ON,N2N,103,X
ON,N2P,-1,X
ON,N2P,101,2790
ON,N2P,102,3080
ON,N2P,103,X
ON,N2R,101,2000
ON,N2R,102,2040
ON,N2S,102,X
ON,N2T,101,1990
ON,N2T,102,1870
ON,N2V,-1,X
ON,N2V,101,1840
ON,N2V,102,1750
ON,N2Z,101,1000
ON,N2Z,102,770
ON,N2Z,103,X
ON,N3A,101,1380
ON,N3A,102,1230
ON,N3B,101,1010
ON,N3B,102,830
ON,N3C,-1,X
ON,N3C,101,3160
ON,N3C,102,3110
ON,N3C,103,X
ON,N3E,101,300
ON,N3E,102,360
ON,N3H,101,3060
ON,N3H,102,3530
ON,N3H,103,X
ON,N3L,101,1830
ON,N3L,102,1580
ON,N3L,103,X
ON,N3M,101,X
ON,N3P,101,1060
ON,N3P,102,960
ON,N3R,101,3920
ON,N3R,102,3770
ON,N3R,103,X
ON,N3S,-1,X
ON,N3S,101,3700
ON,N3S,102,3700
ON,N3S,103,X
ON,N3T,-1,X
ON,N3T,101,4350
ON,N3T,102,4270
ON,N3V,101,170
ON,N3V,102,170
ON,N3W,-1,X
ON,N3W,101,1680
ON,N3W,102,1520
ON,N3Y,101,2440
ON,N3Y,102,2310
ON,N3Y,103,X
ON,N4A,102,X
ON,N4B,101,900
ON,N4B,102,840
ON,N4C,102,X
ON,N4F,102,X
ON,N4G,101,2140
ON,N4G,102,2160
ON,N4G,103,X
ON,N4H,101,X
ON,N4K,101,3150
ON,N4K,102,2910
ON,N4K,103,X
ON,N4L,101,880
ON,N4L,102,750
ON,N4L,103,X
ON,N4N,101,960
ON,N4N,102,1050
ON,N4P,102,X
ON,N4S,-1,X
ON,N4S,101,3720
ON,N4S,102,4090
ON,N4S,103,X
ON,N4T,101,1590
ON,N4T,102,1510
ON,N4V,101,350
ON,N4V,102,300
ON,N4W,101,1130
ON,N4W,102,1010
ON,N4W,103,X
ON,N4X,101,910
ON,N4X,102,810
ON,N4X,103,X
ON,N4Z,101,310
ON,N4Z,102,280
ON,N4Z,103,X
ON,N5A,-1,X
ON,N5A,101,3980
ON,N5A,102,4120
ON,N5A,103,X
ON,N5C,101,1680
ON,N5C,102,1630
ON,N5E,102,X
ON,N5G,102,X
ON,N5H,-1,X
ON,N5H,101,1330
ON,N5H,102,1390
ON,N5K,102,X
ON,N5L,101,380
ON,N5L,102,310
ON,N5P,101,2260
ON,N5P,102,2490
ON,N5P,103,X
ON,N5R,101,3110
ON,N5R,102,3160
ON,N5R,103,X
ON,N5S,101,X
ON,N5V,101,4120
ON,N5V,102,4890
ON,N5V,103,X
ON,N5W,-1,X
ON,N5W,101,3140
ON,N5W,102,3920
ON,N5W,103,X
ON,N5X,101,3380
ON,N5X,102,3410
ON,N5X,103,X
ON,N5Y,-1,X
ON,N5Y,101,4490
ON,N5Y,102,5420
ON,N5Y,103,X
ON,N5Z,101,3100
ON,N5Z,102,3450
ON,N6A,-1,X
ON,N6A,101,1250
ON,N6A,102,1470
ON,N6A,103,X
ON,N6B,-1,X
ON,N6B,101,1490
ON,N6B,102,1930
ON,N6B,103,X
ON,N6C,-1,X
ON,N6C,101,3490
ON,N6C,102,3590
ON,N6C,103,X
ON,N6E,-1,X
ON,N6E,101,3220
ON,N6E,102,3750
ON,N6E,103,X
ON,N6G,-1,X
ON,N6G,101,5000
ON,N6G,102,5170
ON,N6G,103,X
ON,N6H,-1,X
ON,N6H,101,4220
ON,N6H,102,4580
ON,N6H,103,X
ON,N6J,-1,X
ON,N6J,101,3020
ON,N6J,102,3120
ON,N6J,103,X
ON,N6K,-1,X
ON,N6K,101,3260
ON,N6K,102,3370
ON,N6K,103,X
ON,N6L,101,600
ON,N6L,102,650
ON,N6M,101,870
ON,N6M,102,940
ON,N6N,101,70
ON,N6N,102,80
ON,N6P,101,980
ON,N6P,102,1030
ON,N6R,102,X
ON,N7A,101,1040
ON,N7A,102,920
ON,N7A,103,X
ON,N7G,101,1930
ON,N7G,102,1810
ON,N7L,101,2700
ON,N7L,102,2780
ON,N7L,103,X
ON,N7M,101,2770
ON,N7M,102,2960
ON,N7M,103,X
ON,N7N,102,X
ON,N7R,102,X
ON,N7S,101,3100
ON,N7S,102,3050
ON,N7S,103,X
ON,N7T,101,3400
ON,N7T,102,3810
ON,N7T,103,X
ON,N7V,101,1140
ON,N7V,102,1150
ON,N7V,103,X
ON,N7W,101,170
ON,N7W,102,150
ON,N7X,101,80
ON,N7X,102,80
ON,N8A,101,1510
ON,N8A,102,1770
ON,N8H,-1,X
ON,N8H,101,2680
ON,N8H,102,2760
ON,N8H,103,X
ON,N8J,102,X
ON,N8K,102,X
ON,N8M,101,1280
ON,N8M,102,1290
ON,N8N,-1,X
ON,N8N,101,2810
ON,N8N,102,2700
ON,N8N,103,X
ON,N8P,101,1610
ON,N8P,102,1570
ON,N8R,101,1640
ON,N8R,102,1810
ON,N8S,-1,X
ON,N8S,101,2800
ON,N8S,102,2860
ON,N8S,103,X
ON,N8T,-1,X
ON,N8T,101,2510
ON,N8T,102,2450
ON,N8T,103,X
ON,N8V,101,X
ON,N8V,102,X
ON,N8W,101,3390
ON,N8W,102,3750
ON,N8W,103,X
ON,N8X,-1,X
ON,N8X,101,2480
ON,N8X,102,2850
ON,N8X,103,X
ON,N8Y,-1,X
ON,N8Y,101,2730
ON,N8Y,102,2960
ON,N8Y,103,X
ON,N8Z,102,X
ON,N9A,-1,X
ON,N9A,101,3430
ON,N9A,102,4770
ON,N9A,103,X
ON,N9B,-1,X
ON,N9B,101,2670
ON,N9B,102,3840
ON,N9B,103,X
ON,N9C,101,1740
ON,N9C,102,2390
ON,N9E,-1,X
ON,N9E,101,2500
ON,N9E,102,2670
ON,N9G,101,2510
ON,N9G,102,2680
ON,N9H,101,1340
ON,N9H,102,1240
ON,N9J,-1,X
ON,N9J,101,2150
ON,N9J,102,2220
ON,N9K,101,340
ON,N9K,102,350
ON,N9R,101,X
ON,N9V,101,2420
ON,N9V,102,2340
ON,N9V,103,X
ON,N9W,102,X
ON,N9X,102,X
ON,N9Y,101,1540
ON,N9Y,102,1490
ON,N9Y,103,X
ON,N9Z,101,X
ON,P0A,101,1710
ON,P0A,102,1800
ON,P0A,103,X
ON,P0B,101,1060
ON,P0B,102,1060
ON,P0C,101,450
ON,P0C,102,500
ON,P0E,101,400
ON,P0E,102,410
ON,P0G,101,310
ON,P0G,102,330
ON,P0H,101,3020
ON,P0H,102,3030
ON,P0J,101,1780
ON,P0J,102,1750
ON,P0J,103,X
ON,P0K,101,920
ON,P0K,102,1020
ON,P0K,103,X
ON,P0L,101,2510
ON,P0L,102,3030
ON,P0M,-1,X
ON,P0M,101,5040
ON,P0M,102,5000
ON,P0M,103,X
ON,P0N,101,920
ON,P0N,102,880
ON,P0N,103,X
ON,P0P,101,1960
ON,P0P,102,2070
ON,P0R,101,1010
ON,P0R,102,1100
ON,P0R,103,X
ON,P0S,101,1010
ON,P0S,102,1020
ON,P0S,103,X
ON,P0T,101,3050
ON,P0T,102,2980
ON,P0T,103,X
ON,P0V,101,1180
ON,P0V,102,1170
ON,P0V,103,X
ON,P0W,101,560
ON,P0W,102,540
ON,P0X,-1,X
ON,P0X,101,590
ON,P0X,102,640
ON,P0Y,101,X
ON,P0Y,102,X
ON,P1A,101,1790
ON,P1A,102,1660
ON,P1A,103,X
ON,P1B,101,3710
ON,P1B,102,3700
ON,P1B,103,X
ON,P1C,101,240
ON,P1C,102,220
ON,P1G,102,X
ON,P1H,101,2180
ON,P1H,102,1950
ON,P1H,103,X
ON,P1L,101,1960
ON,P1L,102,1850
ON,P1P,101,1110
ON,P1P,102,1110
ON,P1T,101,X
ON,P2A,101,1360
ON,P2A,102,1450
ON,P2A,103,X
ON,P2B,101,950
ON,P2B,102,960
ON,P2N,101,630
ON,P2N,102,700
ON,P2N,103,X
ON,P2S,102,X
ON,P3A,101,2620
ON,P3A,102,2460
ON,P3A,103,X
ON,P3B,-1,X
ON,P3B,101,1980
ON,P3B,102,2030
ON,P3B,103,X
ON,P3C,-1,X
ON,P3C,101,2420
ON,P3C,102,2700
ON,P3C,103,X
ON,P3E,-1,X
ON,P3E,101,2540
ON,P3E,102,2400
ON,P3E,103,X
ON,P3G,101,350
ON,P3G,102,360
ON,P3L,101,850
ON,P3L,102,790
ON,P3L,103,X
ON,P3M,102,X
ON,P3N,101,850
ON,P3N,102,710
ON,P3O,101,X
ON,P3P,101,1570
ON,P3P,102,1330
ON,P3P,103,X
ON,P3V,101,X
ON,P3Y,101,620
ON,P3Y,102,570
ON,P4N,101,2770
ON,P4N,102,2710
ON,P4N,103,X
ON,P4P,101,320
ON,P4P,102,280
ON,P4P,103,X
ON,P4R,101,480
ON,P4R,102,380
ON,P5A,101,910
ON,P5A,102,1000
ON,P5A,103,X
ON,P5B,101,X
ON,P5E,101,510
ON,P5E,102,450
ON,P5N,-1,X
ON,P5N,101,790
ON,P5N,102,810
ON,P5W,102,X
ON,P6A,101,3800
ON,P6A,102,3820
ON,P6A,103,X
ON,P6B,101,2470
ON,P6B,102,2270
ON,P6C,101,2360
ON,P6C,102,2190
ON,P7A,-1,X
ON,P7A,101,2940
ON,P7A,102,2760
ON,P7A,103,X
ON,P7B,101,2500
ON,P7B,102,2660
ON,P7B,103,X
ON,P7C,101,2470
ON,P7C,102,2620
ON,P7E,101,2400
ON,P7E,102,2400
ON,P7E,103,X
ON,P7G,101,1200
ON,P7G,102,1150
ON,P7H,102,X
ON,P7J,101,500
ON,P7J,102,500
ON,P7K,101,580
ON,P7K,102,490
ON,P7L,101,190
ON,P7L,102,180
ON,P8N,101,1000
ON,P8N,102,780
ON,P8N,103,X
ON,P8T,101,360
ON,P8T,102,410
ON,P9A,101,890
ON,P9A,102,880
ON,P9A,103,X
ON,P9N,101,1230
ON,P9N,102,1320
ON,P9N,103,X
MB,R0A,101,2990
MB,R0A,102,2560
MB,R0B,101,6710
MB,R0B,102,7970
MB,R0B,103,X
MB,R0C,101,5530
MB,R0C,102,5730
MB,R0E,101,3210
MB,R0E,102,3270
MB,R0E,103,X
MB,R0G,101,2660
MB,R0G,102,2240
MB,R0G,103,X
MB,R0H,101,1520
MB,R0H,102,1710
MB,R0J,101,2160
MB,R0J,102,1940
MB,R0J,103,X
MB,R0K,101,1800
MB,R0K,102,1340
MB,R0K,103,X
MB,R0L,101,2950
MB,R0L,102,3030
MB,R0L,103,X
MB,R0M,101,1470
MB,R0M,102,1480
MB,R0T,101,X
MB,R0W,102,X
MB,R1A,101,1980
MB,R1A,102,1770
MB,R1A,103,X
MB,R1B,101,X
MB,R1B,102,X
MB,R1C,101,360
MB,R1C,102,370
MB,R1N,101,1660
MB,R1N,102,1610
MB,R2A,101,X
MB,R2B,101,X
MB,R2B,102,X
MB,R2C,101,3200
MB,R2C,102,3090
MB,R2C,103,X
MB,R2E,101,710
MB,R2E,102,670
MB,R2G,101,2970
MB,R2G,102,2740
MB,R2G,103,X
MB,R2H,101,1530
MB,R2H,102,1630
MB,R2H,103,X
MB,R2J,101,2540
MB,R2J,102,2400
MB,R2J,103,X
MB,R2K,101,3530
MB,R2K,102,3480
MB,R2K,103,X
MB,R2L,101,1930
MB,R2L,102,2100
MB,R2L,103,X
MB,R2M,101,3750
MB,R2M,102,3740
MB,R2M,103,X
MB,R2N,-1,X
MB,R2N,101,2710
MB,R2N,102,2420
MB,R2N,103,X
MB,R2P,-1,X
MB,R2P,101,4060
MB,R2P,102,4280
MB,R2R,101,3080
MB,R2R,102,3280
MB,R2R,103,X
MB,R2V,-1,X
MB,R2V,101,3920
MB,R2V,102,3910
MB,R2V,103,X
MB,R2W,101,4700
MB,R2W,102,5030
MB,R2W,103,X
MB,R2X,101,2650
MB,R2X,102,2640
MB,R2X,103,X
MB,R2Y,101,1860
MB,R2Y,102,1700
MB,R2Y,103,X
MB,R3A,101,760
MB,R3A,102,890
MB,R3A,103,X
MB,R3B,101,1710
MB,R3B,102,2410
MB,R3B,103,X
MB,R3C,101,2010
MB,R3C,102,2430
MB,R3C,103,X
MB,R3E,101,2630
MB,R3E,102,2860
MB,R3E,103,X
MB,R3G,101,3230
MB,R3G,102,3340
MB,R3G,103,X
MB,R3H,101,X
MB,R3H,102,X
MB,R3J,101,2780
MB,R3J,102,2680
MB,R3J,103,X
MB,R3K,101,1100
MB,R3K,102,970
MB,R3L,101,2250
MB,R3L,102,2390
MB,R3L,103,X
MB,R3M,101,2370
MB,R3M,102,2130
MB,R3M,103,X
MB,R3N,101,1580
MB,R3N,102,1350
MB,R3P,101,1670
MB,R3P,102,1480
MB,R3R,101,2150
MB,R3R,102,1950
MB,R3R,103,X
MB,R3S,101,50
MB,R3S,102,50
MB,R3T,-1,X
MB,R3T,101,5340
MB,R3T,102,5810
MB,R3T,103,X
MB,R3V,101,650
MB,R3V,102,600
MB,R3W,101,1390
MB,R3W,102,1270
MB,R3X,101,1800
MB,R3X,102,1500
MB,R3X,103,X
MB,R3Y,-1,X
MB,R3Y,101,3270
MB,R3Y,102,3200
MB,R3Y,103,X
MB,R3Z,101,X
MB,R4A,101,430
MB,R4A,102,420
MB,R4E,101,X
MB,R4G,101,150
MB,R4G,102,100
MB,R4H,101,200
MB,R4H,102,200
MB,R4J,101,90
MB,R4J,102,60
MB,R4K,101,50
MB,R4K,102,50
MB,R4L,101,90
MB,R4L,102,80
MB,R5A,101,330
MB,R5A,102,280
MB,R5G,101,1960
MB,R5G,102,1510
MB,R5H,101,430
MB,R5H,102,380
MB,R5J,101,110
MB,R5J,102,100
MB,R5K,101,540
MB,R5K,102,410
MB,R5K,103,X
MB,R5L,101,170
MB,R5L,102,150
MB,R5M,101,170
MB,R5M,102,140
MB,R5N,101,410
MB,R5N,102,300
MB,R5P,101,50
MB,R5P,102,40
MB,R5R,101,80
MB,R5R,102,70
MB,R5T,101,70
MB,R5T,102,60
MB,R6M,101,880
MB,R6M,102,710
MB,R6W,101,1300
MB,R6W,102,1080
MB,R6W,103,X
MB,R7A,101,3400
MB,R7A,102,3110
MB,R7A,103,X
MB,R7B,101,2320
MB,R7B,102,1940
MB,R7B,103,X
MB,R7C,101,200
MB,R7C,102,220
MB,R7N,101,970
MB,R7N,102,880
MB,R8A,101,490
MB,R8A,102,370
MB,R8A,103,X
MB,R8N,101,1540
MB,R8N,102,1190
MB,R9A,101,800
MB,R9A,102,790
SK,R8A,101,X
SK,R8A,102,X
SK,S0A,101,4090
SK,S0A,102,4390
SK,S0A,103,X
SK,S0C,101,1720
SK,S0C,102,1920
SK,S0C,103,X
SK,S0E,101,2880
SK,S0E,102,2690
SK,S0E,103,X
SK,S0G,101,5320
SK,S0G,102,5620
SK,S0H,101,1330
SK,S0H,102,1240
SK,S0H,103,X
SK,S0J,101,6360
SK,S0J,102,7560
SK,S0K,101,7600
SK,S0K,102,7070
SK,S0K,103,X
SK,S0L,101,2210
SK,S0L,102,2330
SK,S0M,101,6920
SK,S0M,102,8280
SK,S0M,103,X
SK,S0N,-1,X
SK,S0N,101,1190
SK,S0N,102,1150
SK,S0P,101,1020
SK,S0P,102,1280
SK,S1K,102,X
SK,S1Y,102,X
SK,S2V,101,60
SK,S2V,102,60
SK,S3N,-1,X
SK,S3N,101,1760
SK,S3N,102,1640
SK,S3N,103,X
SK,S3S,102,X
SK,S4A,101,1160
SK,S4A,102,1270
SK,S4E,102,X
SK,S4H,101,1090
SK,S4H,102,1100
SK,S4H,103,X
SK,S4K,101,X
SK,S4K,102,X
SK,S4L,101,480
SK,S4L,102,420
SK,S4M,102,X
SK,S4N,-1,X
SK,S4N,101,3560
SK,S4N,102,3840
SK,S4P,101,1300
SK,S4P,102,1680
SK,S4P,103,X
SK,S4R,101,3580
SK,S4R,102,3970
SK,S4R,103,X
SK,S4S,101,3110
SK,S4S,102,3580
SK,S4S,103,X
SK,S4T,101,3950
SK,S4T,102,4330
SK,S4T,103,X
SK,S4V,101,2530
SK,S4V,102,2410
SK,S4W,101,1410
SK,S4W,102,1340
SK,S4W,103,X
SK,S4X,101,2370
SK,S4X,102,2350
SK,S4X,103,X
SK,S4Y,101,410
SK,S4Y,102,390
SK,S4Z,101,120
SK,S4Z,102,100
SK,S5H,102,X
SK,S5V,101,X
SK,S6H,101,2930
SK,S6H,102,2710
SK,S6H,103,X
SK,S6J,101,430
SK,S6J,102,330
SK,S6K,101,110
SK,S6K,102,60
SK,S6S,101,X
SK,S6V,101,5170
SK,S6V,102,4900
SK,S6V,103,X
SK,S6W,101,X
SK,S6W,102,X
SK,S6X,101,180
SK,S6X,102,140
SK,S7A,101,X
SK,S7A,102,X
SK,S7B,101,50
SK,S7B,102,50
SK,S7C,101,80
SK,S7C,102,70
SK,S7H,-1,X
SK,S7H,101,3960
SK,S7H,102,4190
SK,S7H,103,X
SK,S7J,101,3000
SK,S7J,102,2940
SK,S7J,103,X
SK,S7K,101,3970
SK,S7K,102,3950
SK,S7K,103,X
SK,S7L,101,5450
SK,S7L,102,5470
SK,S7L,103,X
SK,S7M,101,4370
SK,S7M,102,4610
SK,S7M,103,X
SK,S7N,101,2820
SK,S7N,102,2820
SK,S7N,103,X
SK,S7P,101,X
SK,S7P,102,X
SK,S7R,101,1020
SK,S7R,102,920
SK,S7R,103,X
SK,S7S,101,520
SK,S7S,102,490
SK,S7T,101,1520
SK,S7T,102,1350
SK,S7V,101,1490
SK,S7V,102,1340
SK,S7W,101,1790
SK,S7W,102,1570
SK,S9A,101,1810
SK,S9A,102,1650
SK,S9H,101,1720
SK,S9H,102,1630
SK,S9H,103,X
SK,S9V,101,2010
SK,S9V,102,2230
SK,S9X,101,1010
SK,S9X,102,1010
AB,T0A,101,6780
AB,T0A,102,7720
AB,T0A,103,X
AB,T0B,-1,X
AB,T0B,101,5050
AB,T0B,102,5870
AB,T0B,103,X
AB,T0C,101,6930
AB,T0C,102,7850
AB,T0C,103,X
AB,T0E,101,4500
AB,T0E,102,5250
AB,T0E,103,X
AB,T0G,101,5170
AB,T0G,102,6050
AB,T0G,103,X
AB,T0H,101,7660
AB,T0H,102,8690
AB,T0H,103,X
AB,T0J,101,4440
AB,T0J,102,4620
AB,T0J,103,X
AB,T0K,-1,X
AB,T0K,101,4370
AB,T0K,102,3960
AB,T0K,103,X
AB,T0L,101,5860
AB,T0L,102,5800
AB,T0L,103,X
AB,T0M,101,6660
AB,T0M,102,7030
AB,T0M,103,X
AB,T0N,101,X
AB,T0P,101,580
AB,T0P,102,620
AB,T0V,101,X
AB,T0V,102,X
AB,T0X,101,X
AB,T1A,101,3080
AB,T1A,102,3320
AB,T1A,103,X
AB,T1B,101,3390
AB,T1B,102,3220
AB,T1C,101,1070
AB,T1C,102,1000
AB,T1C,103,X
AB,T1G,101,1010
AB,T1G,102,990
AB,T1H,101,3310
AB,T1H,102,3130
AB,T1H,103,X
AB,T1J,101,2670
AB,T1J,102,2430
AB,T1J,103,X
AB,T1K,101,4700
AB,T1K,102,4280
AB,T1K,103,X
AB,T1L,101,2360
AB,T1L,102,2570
AB,T1M,101,850
AB,T1M,102,750
AB,T1P,-1,X
AB,T1P,101,1810
AB,T1P,102,1680
AB,T1P,103,X
AB,T1R,101,2190
AB,T1R,102,2830
AB,T1R,103,X
AB,T1S,101,4830
AB,T1S,102,3980
AB,T1S,103,X
AB,T1V,101,1860
AB,T1V,102,1730
AB,T1V,103,X
AB,T1W,101,2500
AB,T1W,102,2420
AB,T1W,103,X
AB,T1X,101,2820
AB,T1X,102,2690
AB,T1Y,-1,X
AB,T1Y,101,8520
AB,T1Y,102,9400
AB,T1Y,103,X
AB,T1Z,101,220
AB,T1Z,102,220
AB,T2A,101,9390
AB,T2A,102,10770
AB,T2A,103,X
AB,T2B,101,3440
AB,T2B,102,3870
AB,T2B,103,X
AB,T2C,101,2510
AB,T2C,102,2820
AB,T2C,103,X
AB,T2D,101,X
AB,T2E,101,4490
AB,T2E,102,4900
AB,T2E,103,X
AB,T2G,101,1940
AB,T2G,102,2470
AB,T2G,103,X
AB,T2H,101,1290
AB,T2H,102,1330
AB,T2H,103,X
AB,T2J,101,4680
AB,T2J,102,4590
AB,T2J,103,X
AB,T2K,-1,X
AB,T2K,101,4520
AB,T2K,102,4830
AB,T2K,103,X
AB,T2L,101,1280
AB,T2L,102,1460
AB,T2L,103,X
AB,T2M,101,2460
AB,T2M,102,2760
AB,T2M,103,X
AB,T2N,101,2430
AB,T2N,102,2440
AB,T2N,103,X
AB,T2P,101,1770
AB,T2P,102,2140
AB,T2P,103,X
AB,T2R,101,2270
AB,T2R,102,2550
AB,T2R,103,X
AB,T2S,101,1730
AB,T2S,102,1610
AB,T2S,103,X
AB,T2T,101,3360
AB,T2T,102,3280
AB,T2T,103,X
AB,T2V,-1,X
AB,T2V,101,3780
AB,T2V,102,3690
AB,T2V,103,X
AB,T2W,101,5020
AB,T2W,102,5060
AB,T2W,103,X
AB,T2X,101,6380
AB,T2X,102,5700
AB,T2Y,101,8120
AB,T2Y,102,7450
AB,T2Y,103,X
AB,T2Z,-1,X
AB,T2Z,101,8570
AB,T2Z,102,7770
AB,T2Z,103,X
AB,T3A,101,5710
AB,T3A,102,5610
AB,T3A,103,X
AB,T3B,101,4100
AB,T3B,102,4130
AB,T3B,103,X
AB,T3C,-1,X
AB,T3C,101,3300
AB,T3C,102,3290
AB,T3C,103,X
AB,T3E,101,4760
AB,T3E,102,4540
AB,T3E,103,X
AB,T3G,101,6540
AB,T3G,102,6300
AB,T3G,103,X
AB,T3H,101,7280
AB,T3H,102,6720
AB,T3H,103,X
AB,T3J,101,12760
AB,T3J,102,13690
AB,T3J,103,X
AB,T3K,101,10680
AB,T3K,102,10490
AB,T3K,103,X
AB,T3L,101,2890
AB,T3L,102,2490
AB,T3L,103,X
AB,T3M,-1,X
AB,T3M,101,5830
AB,T3M,102,4890
AB,T3M,103,X
AB,T3N,-1,X
AB,T3N,101,4650
AB,T3N,102,4450
AB,T3N,103,X
AB,T3P,101,2880
AB,T3P,102,2660
AB,T3P,103,X
AB,T3R,101,3830
AB,T3R,102,3570
AB,T3S,101,40
AB,T3S,102,50
AB,T3T,101,210
AB,T3T,102,200
AB,T3Y,101,X
AB,T3Z,101,1000
AB,T3Z,102,990
AB,T3Z,103,X
AB,T4A,101,2370
AB,T4A,102,2070
AB,T4A,103,X
AB,T4B,-1,X
AB,T4B,101,6870
AB,T4B,102,6010
AB,T4B,103,X
AB,T4C,-1,X
AB,T4C,101,4240
AB,T4C,102,3510
AB,T4E,101,490
AB,T4E,102,510
AB,T4E,103,X
AB,T4G,101,1210
AB,T4G,102,1290
AB,T4H,101,1250
AB,T4H,102,1190
AB,T4J,101,1170
AB,T4J,102,1240
AB,T4J,103,X
AB,T4K,102,X
AB,T4L,101,1860
AB,T4L,102,1820
AB,T4L,103,X
AB,T4M,101,840
AB,T4M,102,950
AB,T4N,101,4070
AB,T4N,102,4640
AB,T4N,103,X
AB,T4P,101,4360
AB,T4P,102,4660
AB,T4P,103,X
AB,T4R,-1,X
AB,T4R,101,4370
AB,T4R,102,4280
AB,T4R,103,X
AB,T4S,101,2800
AB,T4S,102,2910
AB,T4T,101,1790
AB,T4T,102,2020
AB,T4V,101,2170
AB,T4V,102,2120
AB,T4X,101,2830
AB,T4X,102,2650
AB,T4Z,102,X
AB,T5A,101,4490
AB,T5A,102,4830
AB,T5A,103,X
AB,T5B,101,2430
AB,T5B,102,2990
AB,T5B,103,X
AB,T5C,-1,X
AB,T5C,101,2080
AB,T5C,102,2480
AB,T5C,103,X
AB,T5E,101,4210
AB,T5E,102,4760
AB,T5E,103,X
AB,T5G,101,1930
AB,T5G,102,2510
AB,T5G,103,X
AB,T5H,101,4140
AB,T5H,102,6280
AB,T5H,103,X
AB,T5J,101,860
AB,T5J,102,1050
AB,T5J,103,X
AB,T5K,101,2460
AB,T5K,102,2950
AB,T5K,103,X
AB,T5L,101,2330
AB,T5L,102,2550
AB,T5L,103,X
AB,T5M,101,1860
AB,T5M,102,2080
AB,T5M,103,X
AB,T5N,101,1620
AB,T5N,102,1570
AB,T5N,103,X
AB,T5P,101,3150
AB,T5P,102,3580
AB,T5P,103,X
AB,T5R,101,2800
AB,T5R,102,2840
AB,T5R,103,X
AB,T5S,101,820
AB,T5S,102,810
AB,T5T,101,10670
AB,T5T,102,9900
AB,T5T,103,X
AB,T5V,101,40
AB,T5V,102,80
AB,T5W,101,2730
AB,T5W,102,3100
AB,T5W,103,X
AB,T5X,101,5360
AB,T5X,102,5610
AB,T5X,103,X
AB,T5Y,101,7080
AB,T5Y,102,7050
AB,T5Y,103,X
AB,T5Z,101,4410
AB,T5Z,102,4420
AB,T5Z,103,X
AB,T6A,101,1510
AB,T6A,102,1680
AB,T6A,103,X
AB,T6B,101,1020
AB,T6B,102,1090
AB,T6B,103,X
AB,T6C,-1,X
AB,T6C,101,2130
AB,T6C,102,2390
AB,T6C,103,X
AB,T6E,101,2800
AB,T6E,102,3080
AB,T6E,103,X
AB,T6G,101,940
AB,T6G,102,990
AB,T6G,103,X
AB,T6H,101,3060
AB,T6H,102,3240
AB,T6H,103,X
AB,T6I,101,X
AB,T6J,101,5130
AB,T6J,102,5240
AB,T6J,103,X
AB,T6K,-1,X
AB,T6K,101,3660
AB,T6K,102,4020
AB,T6K,103,X
AB,T6L,101,6750
AB,T6L,102,7080
AB,T6L,103,X
AB,T6M,101,3870
AB,T6M,102,3610
AB,T6M,103,X
AB,T6N,101,X
AB,T6N,102,X
AB,T6P,101,240
AB,T6P,102,300
AB,T6R,-1,X
AB,T6R,101,4790
AB,T6R,102,4460
AB,T6R,103,X
AB,T6S,101,X
AB,T6S,102,20
AB,T6T,101,6990
AB,T6T,102,7340
AB,T6T,103,X
AB,T6V,101,2860
AB,T6V,102,2730
AB,T6W,-1,X
AB,T6W,101,9480
AB,T6W,102,8680
AB,T6W,103,X
AB,T6X,-1,X
AB,T6X,101,6460
AB,T6X,102,6070
AB,T6X,103,X
AB,T6Y,101,30
AB,T6Y,102,20
AB,T7A,101,1490
AB,T7A,102,1790
AB,T7A,103,X
AB,T7E,101,1550
AB,T7E,102,1650
AB,T7G,101,X
AB,T7N,101,680
AB,T7N,102,670
AB,T7P,101,690
AB,T7P,102,720
AB,T7P,103,X
AB,T7S,101,1640
AB,T7S,102,1710
AB,T7S,103,X
AB,T7V,-1,X
AB,T7V,101,1330
AB,T7V,102,1320
AB,T7V,103,X
AB,T7X,-1,X
AB,T7X,101,5490
AB,T7X,102,5090
AB,T7X,103,X
AB,T7Y,101,1750
AB,T7Y,102,1710
AB,T7Z,101,2110
AB,T7Z,102,1980
AB,T7Z,103,X
AB,T8A,101,4240
AB,T8A,102,3890
AB,T8A,103,X
AB,T8B,101,680
AB,T8B,102,680
AB,T8B,103,X
AB,T8C,101,450
AB,T8C,102,420
AB,T8C,103,X
AB,T8E,101,800
AB,T8E,102,820
AB,T8G,101,450
AB,T8G,102,460
AB,T8H,101,3190
AB,T8H,102,2810
AB,T8H,103,X
AB,T8K,102,X
AB,T8L,101,3150
AB,T8L,102,2850
AB,T8L,103,X
AB,T8M,102,X
AB,T8N,101,6880
AB,T8N,102,5940
AB,T8N,103,X
AB,T8R,101,1780
AB,T8R,102,1760
AB,T8S,101,1100
AB,T8S,102,1060
AB,T8T,101,680
AB,T8T,102,670
AB,T8V,-1,X
AB,T8V,101,4860
AB,T8V,102,5700
AB,T8V,103,X
AB,T8W,101,2580
AB,T8W,102,2670
AB,T8W,103,X
AB,T8X,101,3020
AB,T8X,102,3110
AB,T8X,103,X
AB,T9A,101,1680
AB,T9A,102,1660
AB,T9C,101,600
AB,T9C,102,650
AB,T9C,103,X
AB,T9E,101,4320
AB,T9E,102,4090
AB,T9G,101,760
AB,T9G,102,820
AB,T9G,103,X
AB,T9H,101,3730
AB,T9H,102,4140
AB,T9H,103,X
AB,T9J,101,470
AB,T9J,102,430
AB,T9K,101,5020
AB,T9K,102,4130
AB,T9K,103,X
AB,T9M,101,2370
AB,T9M,102,2010
AB,T9N,-1,X
AB,T9N,101,1390
AB,T9N,102,1450
AB,T9S,101,640
AB,T9S,102,690
AB,T9V,101,2530
AB,T9V,102,2580
AB,T9W,101,790
AB,T9W,102,790
AB,T9W,103,X
AB,T9X,101,530
AB,T9X,102,550
BC,V0A,-1,X
BC,V0A,101,2120
BC,V0A,102,2220
BC,V0B,101,3550
BC,V0B,102,3330
BC,V0B,103,X
BC,V0C,101,2640
BC,V0C,102,2990
BC,V0E,101,8060
BC,V0E,102,8590
BC,V0E,103,X
BC,V0G,-1,X
BC,V0G,101,3060
BC,V0G,102,3080
BC,V0G,103,X
BC,V0H,101,5790
BC,V0H,102,5480
BC,V0H,103,X
BC,V0J,101,5480
BC,V0J,102,6680
BC,V0J,103,X
BC,V0K,101,3410
BC,V0K,102,3800
BC,V0K,103,X
BC,V0L,101,680
BC,V0L,102,860
BC,V0M,101,1170
BC,V0M,102,1180
BC,V0M,103,X
BC,V0N,-1,X
BC,V0N,101,8970
BC,V0N,102,8380
BC,V0N,103,X
BC,V0P,101,820
BC,V0P,102,890
BC,V0P,103,X
BC,V0R,-1,X
BC,V0R,101,8600
BC,V0R,102,8030
BC,V0R,103,X
BC,V0S,101,50
BC,V0S,102,70
BC,V0S,103,X
BC,V0T,101,1080
BC,V0T,102,1340
BC,V0V,101,220
BC,V0V,102,290
BC,V0W,101,40
BC,V0W,102,50
BC,V0X,101,2150
BC,V0X,102,2200
BC,V0X,103,X
BC,V1A,101,1020
BC,V1A,102,870
BC,V1B,101,2330
BC,V1B,102,2050
BC,V1C,-1,X
BC,V1C,101,2780
BC,V1C,102,2500
BC,V1C,103,X
BC,V1E,101,2200
BC,V1E,102,1990
BC,V1G,101,1780
BC,V1G,102,1880
BC,V1G,103,X
BC,V1H,101,1450
BC,V1H,102,1450
BC,V1H,103,X
BC,V1J,101,2890
BC,V1J,102,3130
BC,V1J,103,X
BC,V1K,101,1030
BC,V1K,102,1050
BC,V1K,103,X
BC,V1L,-1,X
BC,V1L,101,2450
BC,V1L,102,2340
BC,V1L,103,X
BC,V1M,101,3170
BC,V1M,102,2440
BC,V1M,103,X
BC,V1N,101,1340
BC,V1N,102,1380
BC,V1N,103,X
BC,V1P,101,1190
BC,V1P,102,1110
BC,V1R,101,940
BC,V1R,102,870
BC,V1R,103,X
BC,V1S,101,1330
BC,V1S,102,1070
BC,V1S,103,X
BC,V1T,101,3640
BC,V1T,102,3530
BC,V1T,103,X
BC,V1V,101,2870
BC,V1V,102,2420
BC,V1V,103,X
BC,V1W,101,3900
BC,V1W,102,3330
BC,V1W,103,X
BC,V1X,101,4640
BC,V1X,102,4490
BC,V1X,103,X
BC,V1Y,101,5200
BC,V1Y,102,5090
BC,V1Y,103,X
BC,V1Z,101,1910
BC,V1Z,102,1780
BC,V1Z,103,X
BC,V2A,-1,X
BC,V2A,101,4660
BC,V2A,102,4530
BC,V2A,103,X
BC,V2B,101,4530
BC,V2B,102,4600
BC,V2B,103,X
BC,V2C,-1,X
BC,V2C,101,2970
BC,V2C,102,3110
BC,V2C,103,X
BC,V2E,101,1680
BC,V2E,102,1430
BC,V2G,101,2290
BC,V2G,102,2180
BC,V2G,103,X
BC,V2H,101,760
BC,V2H,102,810
BC,V2H,103,X
BC,V2J,-1,X
BC,V2J,101,2550
BC,V2J,102,2980
BC,V2J,103,X
BC,V2K,101,2090
BC,V2K,102,2140
BC,V2L,101,1520
BC,V2L,102,1730
BC,V2L,103,X
BC,V2M,101,2780
BC,V2M,102,2720
BC,V2M,103,X
BC,V2N,101,3350
BC,V2N,102,3290
BC,V2N,103,X
BC,V2P,101,4470
BC,V2P,102,3960
BC,V2P,103,X
BC,V2R,101,5330
BC,V2R,102,4370
BC,V2R,103,X
BC,V2S,101,5660
BC,V2S,102,5090
BC,V2S,103,X
BC,V2T,101,7740
BC,V2T,102,7320
BC,V2T,103,X
BC,V2V,101,4060
BC,V2V,102,3790
BC,V2V,103,X
BC,V2W,101,2390
BC,V2W,102,2060
BC,V2X,101,5770
BC,V2X,102,5180
BC,V2X,103,X
BC,V2Y,-1,X
BC,V2Y,101,5180
BC,V2Y,102,4230
BC,V2Y,103,X
BC,V2Z,101,1550
BC,V2Z,102,1400
BC,V2Z,103,X
BC,V3A,101,4940
BC,V3A,102,4300
BC,V3A,103,X
BC,V3B,101,7170
BC,V3B,102,6500
BC,V3B,103,X
BC,V3C,101,4450
BC,V3C,102,4080
BC,V3C,103,X
BC,V3E,-1,X
BC,V3E,101,4940
BC,V3E,102,4300
BC,V3E,103,X
BC,V3G,101,2680
BC,V3G,102,2130
BC,V3H,101,3810
BC,V3H,102,3480
BC,V3H,103,X
BC,V3J,-1,X
BC,V3J,101,5060
BC,V3J,102,5050
BC,V3J,103,X
BC,V3K,101,3780
BC,V3K,102,3800
BC,V3K,103,X
BC,V3L,101,3280
BC,V3L,102,3270
BC,V3L,103,X
BC,V3M,-1,X
BC,V3M,101,5850
BC,V3M,102,5870
BC,V3M,103,X
BC,V3N,101,5130
BC,V3N,102,5060
BC,V3N,103,X
BC,V3P,101,X
BC,V3R,101,8600
BC,V3R,102,8730
BC,V3R,103,X
BC,V3S,101,13350
BC,V3S,102,12810
BC,V3S,103,X
BC,V3T,101,7080
BC,V3T,102,8540
BC,V3T,103,X
BC,V3V,101,7900
BC,V3V,102,8540
BC,V3V,103,X
BC,V3W,101,14120
BC,V3W,102,14630
BC,V3W,103,X
BC,V3X,101,4420
BC,V3X,102,4430
BC,V3X,103,X
BC,V3Y,101,2000
BC,V3Y,102,1690
BC,V3Y,103,X
BC,V3Z,101,4050
BC,V3Z,102,3300
BC,V4A,101,3680
BC,V4A,102,3160
BC,V4A,103,X
BC,V4B,101,2240
BC,V4B,102,1880
BC,V4C,101,6220
BC,V4C,102,6300
BC,V4C,103,X
BC,V4E,101,1340
BC,V4E,102,1210
BC,V4E,103,X
BC,V4G,101,X
BC,V4G,102,30
BC,V4H,101,X
BC,V4H,102,X
BC,V4J,102,X
BC,V4K,101,2570
BC,V4K,102,2280
BC,V4L,101,710
BC,V4L,102,630
BC,V4M,101,1550
BC,V4M,102,1320
BC,V4M,103,X
BC,V4N,101,10290
BC,V4N,102,9350
BC,V4N,103,X
BC,V4P,101,1260
BC,V4P,102,1060
BC,V4P,103,X
BC,V4R,101,1740
BC,V4R,102,1500
BC,V4S,101,820
BC,V4S,102,750
BC,V4S,103,X
BC,V4T,101,3430
BC,V4T,102,3140
BC,V4V,101,2070
BC,V4V,102,1890
BC,V4V,103,X
BC,V4W,101,2320
BC,V4W,102,1990
BC,V4W,103,X
BC,V4X,101,1420
BC,V4X,102,1380
BC,V4X,103,X
BC,V4Z,101,510
BC,V4Z,102,460
BC,V5A,-1,X
BC,V5A,101,2620
BC,V5A,102,2670
BC,V5A,103,X
BC,V5B,101,2660
BC,V5B,102,2610
BC,V5B,103,X
BC,V5C,-1,X
BC,V5C,101,3940
BC,V5C,102,3850
BC,V5C,103,X
BC,V5E,-1,X
BC,V5E,101,3210
BC,V5E,102,3300
BC,V5E,103,X
BC,V5G,101,2430
BC,V5G,102,2550
BC,V5G,103,X
BC,V5H,-1,X
BC,V5H,101,5290
BC,V5H,102,4900
BC,V5H,103,X
BC,V5J,-1,X
BC,V5J,101,3070
BC,V5J,102,2970
BC,V5K,101,3120
BC,V5K,102,3070
BC,V5K,103,X
BC,V5L,101,3070
BC,V5L,102,2940
BC,V5L,103,X
BC,V5M,-1,X
BC,V5M,101,3360
BC,V5M,102,3280
BC,V5M,103,X
BC,V5N,101,5110
BC,V5N,102,5100
BC,V5N,103,X
BC,V5O,102,X
BC,V5P,-1,X
BC,V5P,101,4760
BC,V5P,102,4730
BC,V5P,103,X
BC,V5R,-1,X
BC,V5R,101,7570
BC,V5R,102,7050
BC,V5R,103,X
BC,V5S,101,3930
BC,V5S,102,3490
BC,V5S,103,X
BC,V5T,101,3530
BC,V5T,102,3540
BC,V5T,103,X
BC,V5V,101,3020
BC,V5V,102,2960
BC,V5V,103,X
BC,V5W,101,2870
BC,V5W,102,2810
BC,V5W,103,X
BC,V5X,-1,X
BC,V5X,101,4540
BC,V5X,102,4620
BC,V5X,103,X
BC,V5Y,101,2080
BC,V5Y,102,1950
BC,V5Y,103,X
BC,V5Z,101,2510
BC,V5Z,102,2380
BC,V5Z,103,X
BC,V6A,101,3230
BC,V6A,102,4830
BC,V6A,103,X
BC,V6B,-1,X
BC,V6B,101,4420
BC,V6B,102,4860
BC,V6B,103,X
BC,V6C,101,340
BC,V6C,102,390
BC,V6C,103,X
BC,V6E,-1,X
BC,V6E,101,3900
BC,V6E,102,4170
BC,V6E,103,X
BC,V6G,-1,X
BC,V6G,101,3690
BC,V6G,102,3990
BC,V6G,103,X
BC,V6H,101,2230
BC,V6H,102,1920
BC,V6H,103,X
BC,V6J,101,2590
BC,V6J,102,2310
BC,V6J,103,X
BC,V6K,101,2910
BC,V6K,102,2600
BC,V6K,103,X
BC,V6L,101,880
BC,V6L,102,760
BC,V6L,103,X
BC,V6M,-1,X
BC,V6M,101,1620
BC,V6M,102,1390
BC,V6M,103,X
BC,V6N,101,1200
BC,V6N,102,1150
BC,V6P,101,3840
BC,V6P,102,3720
BC,V6P,103,X
BC,V6R,101,1660
BC,V6R,102,1470
BC,V6S,101,1090
BC,V6S,102,950
BC,V6S,103,X
BC,V6T,101,950
BC,V6T,102,900
BC,V6V,101,1570
BC,V6V,102,1580
BC,V6W,101,360
BC,V6W,102,310
BC,V6X,101,5930
BC,V6X,102,5420
BC,V6X,103,X
BC,V6Y,101,6580
BC,V6Y,102,5970
BC,V6Y,103,X
BC,V6Z,101,2470
BC,V6Z,102,2690
BC,V6Z,103,X
BC,V7A,101,3470
BC,V7A,102,3410
BC,V7A,103,X
BC,V7B,101,110
BC,V7B,102,90
BC,V7C,-1,X
BC,V7C,101,5000
BC,V7C,102,4530
BC,V7C,103,X
BC,V7E,101,4050
BC,V7E,102,3500
BC,V7E,103,X
BC,V7G,101,1270
BC,V7G,102,1020
BC,V7G,103,X
BC,V7H,101,1260
BC,V7H,102,1130
BC,V7H,103,X
BC,V7J,101,1910
BC,V7J,102,1720
BC,V7J,103,X
BC,V7K,101,1290
BC,V7K,102,1140
BC,V7L,101,3460
BC,V7L,102,3130
BC,V7L,103,X
BC,V7M,101,2970
BC,V7M,102,2670
BC,V7N,101,1750
BC,V7N,102,1580
BC,V7P,101,1890
BC,V7P,102,1780
BC,V7P,103,X
BC,V7R,101,1510
BC,V7R,102,1410
BC,V7R,103,X
BC,V7S,101,1160
BC,V7S,102,1060
BC,V7T,-1,X
BC,V7T,101,1110
BC,V7T,102,980
BC,V7V,-1,X
BC,V7V,101,1440
BC,V7V,102,1180
BC,V7W,101,740
BC,V7W,102,690
BC,V7W,103,X
BC,V7X,101,X
BC,V7X,102,X
BC,V7Y,101,X
BC,V7Y,102,X
BC,V7Z,101,60
BC,V7Z,102,40
BC,V8A,-1,X
BC,V8A,101,1990
BC,V8A,102,1990
BC,V8A,103,X
BC,V8B,101,1950
BC,V8B,102,1910
BC,V8B,103,X
BC,V8C,101,750
BC,V8C,102,580
BC,V8C,103,X
BC,V8E,101,2950
BC,V8E,102,3440
BC,V8G,101,2030
BC,V8G,102,1890
BC,V8G,103,X
BC,V8H,101,X
BC,V8J,101,1370
BC,V8J,102,1340
BC,V8J,103,X
BC,V8K,101,1560
BC,V8K,102,1360
BC,V8K,103,X
BC,V8L,101,2070
BC,V8L,102,1770
BC,V8L,103,X
BC,V8M,101,1470
BC,V8M,102,1380
BC,V8M,103,X
BC,V8N,101,2310
BC,V8N,102,2250
BC,V8N,103,X
BC,V8P,101,1740
BC,V8P,102,1640
BC,V8P,103,X
BC,V8R,-1,X
BC,V8R,101,2490
BC,V8R,102,2190
BC,V8R,103,X
BC,V8S,101,1560
BC,V8S,102,1210
BC,V8S,103,X
BC,V8T,-1,X
BC,V8T,101,2860
BC,V8T,102,2930
BC,V8T,103,X
BC,V8V,101,3240
BC,V8V,102,3020
BC,V8V,103,X
BC,V8W,101,880
BC,V8W,102,1130
BC,V8X,-1,X
BC,V8X,101,2510
BC,V8X,102,2430
BC,V8X,103,X
BC,V8Y,101,810
BC,V8Y,102,780
BC,V8Z,101,3410
BC,V8Z,102,3220
BC,V8Z,103,X
BC,V9A,101,4350
BC,V9A,102,4340
BC,V9A,103,X
BC,V9B,101,5710
BC,V9B,102,5120
BC,V9B,103,X
BC,V9C,101,2640
BC,V9C,102,2250
BC,V9C,103,X
BC,V9E,101,530
BC,V9E,102,450
BC,V9G,101,1550
BC,V9G,102,1520
BC,V9G,103,X
BC,V9H,101,1100
BC,V9H,102,980
BC,V9J,101,930
BC,V9J,102,920
BC,V9J,103,X
BC,V9K,101,1580
BC,V9K,102,1460
BC,V9K,103,X
BC,V9L,-1,X
BC,V9L,101,4270
BC,V9L,102,4080
BC,V9L,103,X
BC,V9M,101,1710
BC,V9M,102,1530
BC,V9N,101,3910
BC,V9N,102,3380
BC,V9N,103,X
BC,V9O,102,X
BC,V9P,101,2530
BC,V9P,102,2330
BC,V9R,-1,X
BC,V9R,101,4150
BC,V9R,102,4140
BC,V9R,103,X
BC,V9S,-1,X
BC,V9S,101,2130
BC,V9S,102,2120
BC,V9S,103,X
BC,V9T,101,4000
BC,V9T,102,3490
BC,V9T,103,X
BC,V9V,101,1100
BC,V9V,102,940
BC,V9V,103,X
BC,V9W,101,3660
BC,V9W,102,3500
BC,V9X,101,1270
BC,V9X,102,1330
BC,V9X,103,X
BC,V9Y,101,2880
BC,V9Y,102,3020
BC,V9Z,101,2170
BC,V9Z,102,2090
BC,V9Z,103,X
YT,Y0A,101,260
YT,Y0A,102,320
YT,Y0B,101,940
YT,Y0B,102,1090
YT,Y0B,103,X
YT,Y1A,101,2920
YT,Y1A,102,3140
YT,Y1A,103,X
NT,X0E,101,3040
NT,X0E,102,3830
NT,X0E,103,X
NT,X0G,101,70
NT,X0G,102,110
NT,X0J,102,X
NT,X0X,102,X
NT,X0Y,102,X
NT,X1A,101,1960
NT,X1A,102,2210
NT,X1A,103,X
NU,X0A,101,2160
NU,X0A,102,2430
NU,X0A,103,X
NU,X0B,101,1120
NU,X0B,102,1170
NU,X0C,101,1330
NU,X0C,102,1450
**,Unknown/Inconnu,-1,X
**,Unknown/Inconnu,101,600
**,Unknown/Inconnu,102,800
??,Unknown/Inconnu,101,X
??,Unknown/Inconnu,102,X
